idPergunta;idResposta;Certa;Column1
1001;4001;Nao;makes
1001;4002;Sim;is making
1001;4003;Nao;was making
1001;4004;Nao;made
1002;4005;Sim;was having
1002;4006;Nao;had
1002;4007;Nao;having
1002;4008;Nao;have
1003;4009;Sim;were driving
1003;4010;Nao;driving
1003;4011;Nao;was driving
1003;4012;Nao;driven
1004;4013;Nao;do get
1004;4014;Nao;getting
1004;4015;Nao;get
1004;4016;Sim;am getting
1005;4017;Nao;was shouting
1005;4018;Sim;were shouting
1005;4019;Nao;are shouting
1005;4020;Nao;is shouting
1006;4021;Sim;is/reading
1006;4022;Nao;is/read
1006;4023;Nao;went/reading
1006;4024;Nao;was/read
1007;4025;Nao;try
1007;4026;Sim;are trying
1007;4027;Nao;needed
1007;4028;Nao;tried
1008;4029;Nao;is/thinking
1008;4030;Nao;are/think
1008;4031;Sim;are/thinking
1008;4032;Nao;is/think
1009;4033;Nao;am taking
1009;4034;Nao;are taking
1009;4035;Sim;am getting
1009;4036;Nao;is getting
1010;4037;Nao;was/leaving
1010;4038;Sim;are/leaving
1010;4039;Nao;do/leave
1010;4040;Nao;do/leaving
1011;4041;Nao;do/do
1011;4042;Nao;is/doing
1011;4043;Nao;were/doing
1011;4044;Sim;are/doing
1012;4045;Nao;sleep
1012;4046;Sim;are sleeping
1012;4047;Nao;isn't sleeping
1012;4048;Nao;is sleeping
1013;4049;Nao;is having
1013;4050;Nao;don't have
1013;4051;Sim;are having
1013;4052;Nao;were having
1014;4053;Nao;am having
1014;4054;Nao;is having
1014;4055;Nao;are having
1014;4056;Sim;was having
1015;4057;Nao;had had
1015;4058;Nao;are having
1015;4059;Nao;am having
1015;4060;Sim;was having
1016;4061;Nao;were raining
1016;4062;Nao;are raining
1016;4063;Sim;was raining
1016;4064;Nao;isn't raining
1017;4065;Nao;took
1017;4066;Nao;was taking
1017;4067;Sim;was feeling
1017;4068;Nao;are feeling
1018;4069;Nao;will have worked
1018;4070;Nao;have to work
1018;4071;Sim;was working
1018;4072;Nao;will be working
1019;4073;Nao;have you driven
1019;4074;Sim;were you driving
1019;4075;Nao;are you driving
1019;4076;Nao;do you drive
1020;4077;Sim;are playing
1020;4078;Nao;was playing
1020;4079;Nao;would play
1020;4080;Nao;played
1021;4081;Nao;washed
1021;4082;Nao;was washing
1021;4083;Nao;washes
1021;4084;Sim;is washing
1022;4085;Nao;will you call
1022;4086;Nao;you call
1022;4087;Sim;are you calling
1022;4088;Nao;you are calling
1023;4089;Nao;waited
1023;4090;Sim;are waiting
1023;4091;Nao;wait
1023;4092;Nao;is waiting
1024;4093;Nao;skated
1024;4094;Sim;are skating
1024;4095;Nao;were skating
1024;4096;Nao;skate
1025;4097;Nao;were playing
1025;4098;Sim;was playing
1025;4099;Nao;is playing
1025;4100;Nao;plays
1026;4101;Nao;I watch
1026;4102;Nao;I were watching
1026;4103;Nao;I watched
1026;4104;Sim;I'm watching
1027;4105;Nao;went
1027;4106;Sim;was going
1027;4107;Nao;am going
1027;4108;Nao;was taking
1028;4109;Nao;Did/sleep
1028;4110;Nao;Will/be sleeping
1028;4111;Nao;Are/sleeping
1028;4112;Sim;Were/sleeping
1029;4113;Nao;is wearing
1029;4114;Nao;didn't wear
1029;4115;Sim;was wearing
1029;4116;Nao;wore
1030;4117;Sim;is washing/is cooking
1030;4118;Nao;washed/cooked
1030;4119;Nao;was washing/is cooking
1030;4120;Nao;were washing/is cooking
1031;4121;Nao;Did/study
1031;4122;Nao;Was/studying
1031;4123;Sim;Is/studying
1031;4124;Nao;Were/studying
1032;4125;Sim;is getting
1032;4126;Nao;gets
1032;4127;Nao;was getting
1032;4128;Nao;didn't get
1033;4129;Nao;saved
1033;4130;Nao;didn't save
1033;4131;Nao;was saving
1033;4132;Sim;am saving
1034;4133;Nao;am doing
1034;4134;Nao;was not doing
1034;4135;Nao;don't do
1034;4136;Sim;am not doing
1035;4137;Nao;am printing
1035;4138;Nao;didn't print
1035;4139;Nao;printed
1035;4140;Sim;was printing
1036;4141;Nao;are/doing
1036;4142;Nao;will/be doing
1036;4143;Nao;was/doing
1036;4144;Sim;were/doing
1037;4145;Nao;skies
1037;4146;Nao;skied
1037;4147;Sim;was skiing
1037;4148;Nao;is skiing
1038;4149;Nao;is running
1038;4150;Nao;were running
1038;4151;Nao;didn't run
1038;4152;Sim;was running
1039;4153;Nao;is boiling
1039;4154;Sim;was boiling
1039;4155;Nao;didn't boil
1039;4156;Nao;will be boiling
1040;4157;Nao;am not watching
1040;4158;Nao;am watching
1040;4159;Sim;was watching
1040;4160;Nao;watched
1041;4161;Sim;were/talking
1041;4162;Nao;was/talking
1041;4163;Nao;are/talking
1041;4164;Nao;did/talk
1042;4165;Sim;is shining
1042;4166;Nao;was shining
1042;4167;Nao;shined
1042;4168;Nao;shining
1043;4169;Nao;wears
1043;4170;Nao;wore
1043;4171;Nao;was wearing
1043;4172;Sim;is wearing
1044;4173;Nao;he carries
1044;4174;Sim;he is carrying
1044;4175;Nao;he was carrying
1044;4176;Nao;is he carrying
1045;4177;Sim;are you doing/am fixing
1045;4178;Nao;do you do/fixed
1045;4179;Nao;you are doing/am fixing
1045;4180;Nao;do you do/fix
1046;4181;Sim;am having
1046;4182;Nao;have 
1046;4183;Nao;were having
1046;4184;Nao;was having
1047;4185;Nao;would work
1047;4186;Sim;was working
1047;4187;Nao;were working
1047;4188;Nao;is working
1048;4189;Sim;was blowing
1048;4190;Nao;has blown
1048;4191;Nao;is blowing
1048;4192;Nao;blows
1049;4193;Nao;he is doing
1049;4194;Nao;he has done
1049;4195;Nao;was he doing
1049;4196;Sim;he was doing
1050;4197;Nao;were finding
1050;4198;Nao;are looking for
1050;4199;Nao;looked for
1050;4200;Sim;were looking for
1051;4201;Nao;are you doing/waited
1051;4202;Nao;were you doing here/am waiting 
1051;4203;Sim;are you doing/am waiting
1051;4204;Nao;you are doing/am waiting
1052;4205;Nao;Will/work
1052;4206;Nao;You are/working
1052;4207;Nao;Were you/working
1052;4208;Sim;Are you/working
1053;4209;Nao;am not feeling
1053;4210;Sim;wasn't feeling
1053;4211;Nao;weren't feeling
1053;4212;Nao;haven't felt
1054;4213;Nao;was sleeping
1054;4214;Nao;sleeps
1054;4215;Sim;is sleeping
1054;4216;Nao;were sleeping
1055;4217;Sim;was he doing/was talking
1055;4218;Nao;he was doing/was talking
1055;4219;Nao;was he doing/talked
1055;4220;Nao;did he do/was talking
1056;4221;Nao;am working
1056;4222;Sim;was working
1056;4223;Nao;work
1056;4224;Nao;were working
1057;4225;Nao;were working/listening
1057;4226;Nao;am working/listening
1057;4227;Nao;worked/listened
1057;4228;Sim;was working/listening
1058;4229;Nao;is carrying
1058;4230;Sim;was carrying
1058;4231;Nao;carried
1058;4232;Nao;carries
1059;4233;Sim;I wasn't paying/you were saying
1059;4234;Nao;I wasn't paying/were you saying
1059;4235;Nao;didn't pay/say
1059;4236;Nao;I weren't paying/you said
1060;4237;Nao;I was having
1060;4238;Nao;I have
1060;4239;Sim;I'm having
1060;4240;Nao;I had
1061;4241;Nao;swam
1061;4242;Sim;is swimming
1061;4243;Nao;were swimming
1061;4244;Nao;was swimming
1062;4245;Nao;played
1062;4246;Nao;was playing
1062;4247;Nao;are playing
1062;4248;Sim;were playing
1063;4249;Nao;wears
1063;4250;Sim;was wearing
1063;4251;Nao;is wearing
1063;4252;Nao;were wearing
1064;4253;Nao;fall/watched
1064;4254;Sim;fell/was watching
1064;4255;Nao;fell/watches
1064;4256;Nao;fell/were watching
1065;4257;Sim;was walking
1065;4258;Nao;walk
1065;4259;Nao;were walking
1065;4260;Nao;am walking
1066;4261;Sim;I'm not watching
1066;4262;Nao;I were not watching
1066;4263;Nao;I didn't watch
1066;4264;Nao;I watched
1067;4265;Sim;Are you still studying
1067;4266;Nao;Were you still studying
1067;4267;Nao;You are still studying
1067;4268;Nao;Do you still study
1068;4269;Nao;you played
1068;4270;Nao;you play
1068;4271;Nao;you are playing
1068;4272;Sim;are you playing
1069;4273;Nao;I can go
1069;4274;Nao;I was going
1069;4275;Sim;I'm going
1069;4276;Nao;I would go
1070;4277;Nao;was doing/was playing
1070;4278;Nao;does/plays
1070;4279;Nao;did/played
1070;4280;Sim;is doing/is playing
1071;4281;Nao;would burn
1071;4282;Sim;is burning
1071;4283;Nao;burns
1071;4284;Nao;was burning
1072;4285;Nao;were you doing/looked
1072;4286;Nao;were you doing/I were looking
1072;4287;Sim;are you doing/I am looking
1072;4288;Nao;you are doing/I am looking
1073;4289;Nao;is losing
1073;4290;Nao;lost
1073;4291;Sim;was losing
1073;4292;Nao;were losing
1074;4293;Nao;were driving
1074;4294;Nao;drove
1074;4295;Sim;was driving
1074;4296;Nao;will drive
1075;4297;Nao;rings
1075;4298;Sim;is ringing
1075;4299;Nao;was ringing
1075;4300;Nao;rang
1076;4301;Nao;is yelling
1076;4302;Sim;are yelling
1076;4303;Nao;yelled
1076;4304;Nao;will yell
1077;4305;Sim;are you playing
1077;4306;Nao;you play
1077;4307;Nao;do you play
1077;4308;Nao;you are playing
1078;4309;Nao;drove
1078;4310;Sim;was driving
1078;4311;Nao;have driven
1078;4312;Nao;am driving
1079;4313;Sim;am having
1079;4314;Nao;would have
1079;4315;Nao;could have
1079;4316;Nao;were having
1080;4317;Nao;studies
1080;4318;Nao;studied
1080;4319;Nao;was studying
1080;4320;Sim;is studying
1081;4321;Nao;had
1081;4322;Nao;was having 
1081;4323;Sim;is having
1081;4324;Nao;has
1082;4325;Sim;is making
1082;4326;Nao;makes
1082;4327;Nao;was making
1082;4328;Nao;will make
1083;4329;Nao;have
1083;4330;Nao;am having 
1083;4331;Nao;had
1083;4332;Sim;are having 
1084;4333;Nao;was seeing
1084;4334;Nao;is seen
1084;4335;Nao;saw
1084;4336;Sim;is seeing
1085;4337;Sim;is raining
1085;4338;Nao;rained
1085;4339;Nao;rains
1085;4340;Nao;was raining
1086;4341;Nao;waited
1086;4342;Nao;could wait
1086;4343;Sim;is waiting
1086;4344;Nao;was waiting
1087;4345;Nao;sleep
1087;4346;Nao;are sleeping
1087;4347;Sim;were sleeping
1087;4348;Nao;was sleeping
1088;4349;Nao;will be having
1088;4350;Nao;have
1088;4351;Sim;was having
1088;4352;Nao;am having
1089;4353;Sim;were watching
1089;4354;Nao;will be watching
1089;4355;Nao;watch
1089;4356;Nao;are watching
1090;4357;Nao;is cooking
1090;4358;Sim;was cooking
1090;4359;Nao;will cook
1090;4360;Nao;cooks
1091;4361;Nao;is shining
1091;4362;Sim;was shining
1091;4363;Nao;will be shining
1091;4364;Nao;shines
1092;4365;Nao;will walk
1092;4366;Nao;is walking
1092;4367;Nao;walk
1092;4368;Sim;was walking
1093;4369;Nao;will try on
1093;4370;Sim;was trying on
1093;4371;Nao;tries on
1093;4372;Nao;is trying on
1094;4373;Nao;is/doing
1094;4374;Sim;was/doing
1094;4375;Nao;does/do
1094;4376;Nao;will/do
1095;4377;Nao;watch
1095;4378;Sim;am watching
1095;4379;Nao;watched
1095;4380;Nao;was watching
1096;4381;Nao;make
1096;4382;Nao;were making
1096;4383;Sim;are making
1096;4384;Nao;made
1097;4385;Nao;watch
1097;4386;Nao;didn't watch
1097;4387;Nao;will watch
1097;4388;Sim;are not watching
1098;4389;Sim;Is/feeling
1098;4390;Nao;Was/feeling
1098;4391;Nao;Were/feeling
1098;4392;Nao;Did/feel
1099;4393;Nao;talk/are playing
1099;4394;Sim;are not talking/are playing
1099;4395;Nao;were not talking/were playing
1099;4396;Nao;talk/play
1100;4397;Nao;protest
1100;4398;Nao;were protesting
1100;4399;Nao;protested
1100;4400;Sim;are protesting
1101;4401;Nao;from
1101;4402;Sim;for
1101;4403;Nao;in
1101;4404;Nao;since
1102;4405;Nao;at
1102;4406;Nao;on
1102;4407;Nao;to
1102;4408;Sim;in
1103;4409;Nao;by
1103;4410;Sim;at 
1103;4411;Nao;on
1103;4412;Nao;in
1104;4413;Sim;at/in
1104;4414;Nao;on/at
1104;4415;Nao;in/in
1104;4416;Nao;at/of
1105;4417;Nao;past
1105;4418;Sim;ago
1105;4419;Nao;back
1105;4420;Nao;before
1106;4421;Sim;at/on
1106;4422;Nao;in/for
1106;4423;Nao;on/at
1106;4424;Nao;in/on
1107;4425;Nao;on
1107;4426;Sim;in
1107;4427;Nao;until
1107;4428;Nao;at
1108;4429;Nao;In
1108;4430;Sim;On
1108;4431;Nao;By
1108;4432;Nao;For
1109;4433;Nao;at/after
1109;4434;Nao;on/before
1109;4435;Nao;in/in
1109;4436;Sim;in/before
1110;4437;Sim;at/in
1110;4438;Nao;in/in
1110;4439;Nao;on/in
1110;4440;Nao;at/on
1111;4441;Nao;with
1111;4442;Sim;about
1111;4443;Nao;on
1111;4444;Nao;at
1112;4445;Nao;by
1112;4446;Sim;to
1112;4447;Nao;for
1112;4448;Nao;of
1113;4449;Nao;at
1113;4450;Nao;by
1113;4451;Nao;with
1113;4452;Sim;of
1114;4453;Sim;for
1114;4454;Nao;of
1114;4455;Nao;about
1114;4456;Nao;on
1115;4457;Nao;for
1115;4458;Nao;at
1115;4459;Nao;of
1115;4460;Sim;about
1116;4461;Sim;to/in
1116;4462;Nao;at/in
1116;4463;Nao;for/on
1116;4464;Nao;to/at
1117;4465;Nao;over 
1117;4466;Nao;by
1117;4467;Nao;before
1117;4468;Sim;for
1118;4469;Nao;through
1118;4470;Nao;of
1118;4471;Sim;by
1118;4472;Nao;on
1119;4473;Nao;on
1119;4474;Nao;about
1119;4475;Nao;at
1119;4476;Sim;for
1120;4477;Nao;to
1120;4478;Sim;in
1120;4479;Nao;as
1120;4480;Nao;on
1121;4481;Nao;on
1121;4482;Sim;with
1121;4483;Nao;in
1121;4484;Nao;at
1122;4485;Nao;from
1122;4486;Sim;of
1122;4487;Nao;at
1122;4488;Nao;by
1123;4489;Nao;for
1123;4490;Nao;of
1123;4491;Nao;on
1123;4492;Sim;with
1124;4493;Sim;at
1124;4494;Nao;in 
1124;4495;Nao;on
1124;4496;Nao;above
1125;4497;Sim;in
1125;4498;Nao;on
1125;4499;Nao;at
1125;4500;Nao;about
1126;4501;Nao;in
1126;4502;Sim;on
1126;4503;Nao;at
1126;4504;Nao;over
1127;4505;Nao;in
1127;4506;Sim;under
1127;4507;Nao;at
1127;4508;Nao;across
1128;4509;Nao;at
1128;4510;Sim;on
1128;4511;Nao;in
1128;4512;Nao;beyond
1129;4513;Sim;beyond
1129;4514;Nao;at
1129;4515;Nao;for
1129;4516;Nao;of
1130;4517;Sim;in
1130;4518;Nao;on
1130;4519;Nao;at
1130;4520;Nao;from
1131;4521;Nao;below
1131;4522;Nao;from
1131;4523;Sim;for
1131;4524;Nao;in
1132;4525;Nao;across
1132;4526;Nao;on
1132;4527;Nao;in
1132;4528;Sim;at
1133;4529;Nao;below
1133;4530;Nao;from
1133;4531;Nao;beyond
1133;4532;Sim;on
1134;4533;Nao;from
1134;4534;Sim;at
1134;4535;Nao;in
1134;4536;Nao;on
1135;4537;Nao;in
1135;4538;Nao;of
1135;4539;Nao;from
1135;4540;Sim;on
1136;4541;Nao;on
1136;4542;Nao;from
1136;4543;Nao;at
1136;4544;Sim;in
1137;4545;Nao;at
1137;4546;Sim;in
1137;4547;Nao;beyond
1137;4548;Nao;on
1138;4549;Nao;over
1138;4550;Sim;on
1138;4551;Nao;at
1138;4552;Nao;in
1139;4553;Nao;on
1139;4554;Nao;of
1139;4555;Nao;from
1139;4556;Sim;at
1140;4557;Nao;on/of
1140;4558;Sim;on/at
1140;4559;Nao;in/from
1140;4560;Nao;in/at
1141;4561;Nao;in
1141;4562;Sim;at
1141;4563;Nao;on
1141;4564;Nao;of
1142;4565;Sim;by
1142;4566;Nao;on
1142;4567;Nao;in
1142;4568;Nao;of
1143;4569;Sim;behind
1143;4570;Nao;above
1143;4571;Nao;of
1143;4572;Nao;on
1144;4573;Sim;on/around
1144;4574;Nao;in/over
1144;4575;Nao;by/over
1144;4576;Nao;at/around
1145;4577;Nao;on
1145;4578;Nao;by
1145;4579;Nao;with
1145;4580;Sim;in
1146;4581;Nao;at
1146;4582;Nao;to
1146;4583;Nao;with
1146;4584;Sim;for 
1147;4585;Nao;with
1147;4586;Sim;for
1147;4587;Nao;by
1147;4588;Nao;due
1148;4589;Nao;on
1148;4590;Sim;of
1148;4591;Nao;for
1148;4592;Nao;with
1149;4593;Sim;in
1149;4594;Nao;for
1149;4595;Nao;with
1149;4596;Nao;by
1150;4597;Nao;at
1150;4598;Sim;for
1150;4599;Nao;on
1150;4600;Nao;to
1151;4601;Nao;at
1151;4602;Nao;by
1151;4603;Sim;with
1151;4604;Nao;for
1152;4605;Nao;on
1152;4606;Nao;with
1152;4607;Sim;at
1152;4608;Nao;in
1153;4609;Nao;On/by
1153;4610;Nao;By/on
1153;4611;Sim;By/by
1153;4612;Nao;With/on
1154;4613;Nao;to
1154;4614;Nao;and
1154;4615;Nao;in
1154;4616;Sim;with
1155;4617;Nao;at
1155;4618;Nao;in
1155;4619;Nao;with
1155;4620;Sim;on
1156;4621;Sim;into/for
1156;4622;Nao;to/to
1156;4623;Nao;in/to
1156;4624;Nao;on/for
1157;4625;Nao;for
1157;4626;Sim;of
1157;4627;Nao;on
1157;4628;Nao;from
1158;4629;Sim;of/from
1158;4630;Nao;with/in
1158;4631;Nao;to/from
1158;4632;Nao;of/on
1159;4633;Nao;at
1159;4634;Nao;of
1159;4635;Sim;with
1159;4636;Nao;on
1160;4637;Sim;about/at
1160;4638;Nao;of/at
1160;4639;Nao;for/in
1160;4640;Nao;of/with
1161;4641;Nao;behind
1161;4642;Nao;by
1161;4643;Sim;under
1161;4644;Nao;next
1162;4645;Nao;In/with
1162;4646;Nao;In/to
1162;4647;Nao;On/of
1162;4648;Sim;On/with
1163;4649;Nao;at/on
1163;4650;Sim;at/at
1163;4651;Nao;in/in
1163;4652;Nao;in/at
1164;4653;Sim;in/at
1164;4654;Nao;in/on
1164;4655;Nao;at/at
1164;4656;Nao;on/at
1165;4657;Nao;in/at
1165;4658;Nao;at/at
1165;4659;Sim;at/in
1165;4660;Nao;in/on
1166;4661;Sim;at
1166;4662;Nao;over
1166;4663;Nao;next
1166;4664;Nao;with
1167;4665;Sim;in
1167;4666;Nao;from
1167;4667;Nao;over
1167;4668;Nao;of
1168;4669;Nao;under
1168;4670;Sim;in
1168;4671;Nao;at
1168;4672;Nao;on
1169;4673;Nao;from
1169;4674;Nao;in
1169;4675;Nao;to
1169;4676;Sim;on
1170;4677;Sim;Since
1170;4678;Nao;At
1170;4679;Nao;In
1170;4680;Nao;For
1171;4681;Sim;at
1171;4682;Nao;on
1171;4683;Nao;from
1171;4684;Nao;for
1172;4685;Nao;from
1172;4686;Sim;on
1172;4687;Nao;over
1172;4688;Nao;in
1173;4689;Nao;to
1173;4690;Sim;at
1173;4691;Nao;on
1173;4692;Nao;in
1174;4693;Nao;in
1174;4694;Nao;to
1174;4695;Nao;at
1174;4696;Sim;for
1175;4697;Sim;in
1175;4698;Nao;from
1175;4699;Nao;at
1175;4700;Nao;on
1176;4701;Sim;until/from
1176;4702;Nao;before/in
1176;4703;Nao;to/from
1176;4704;Nao;until/in
1177;4705;Sim;for
1177;4706;Nao;at
1177;4707;Nao;from
1177;4708;Nao;since
1178;4709;Nao;at
1178;4710;Sim;since
1178;4711;Nao;from
1178;4712;Nao;for
1179;4713;Sim;across
1179;4714;Nao;before
1179;4715;Nao;over
1179;4716;Nao;in
1180;4717;Nao;after
1180;4718;Nao;before
1180;4719;Nao;in
1180;4720;Sim;at
1181;4721;Nao;at/since
1181;4722;Nao;since/on
1181;4723;Nao;in/since
1181;4724;Sim;on/since
1182;4725;Nao;to
1182;4726;Nao;by
1182;4727;Sim;for
1182;4728;Nao;with
1183;4729;Nao;for
1183;4730;Nao;at
1183;4731;Sim;in
1183;4732;Nao;on
1184;4733;Nao;to do
1184;4734;Nao;for doing
1184;4735;Nao;on doing
1184;4736;Sim;of doing
1185;4737;Sim;of
1185;4738;Nao;over
1185;4739;Nao;by
1185;4740;Nao;with
1186;4741;Nao;for
1186;4742;Nao;on
1186;4743;Nao;to
1186;4744;Sim;with
1187;4745;Nao;between
1187;4746;Nao;for
1187;4747;Sim;with
1187;4748;Nao;to
1188;4749;Nao;to/of
1188;4750;Sim;to/from
1188;4751;Nao;of/by
1188;4752;Nao;of/about
1189;4753;Nao;with
1189;4754;Nao;at
1189;4755;Nao;of
1189;4756;Sim;from
1190;4757;Nao;at
1190;4758;Nao;on
1190;4759;Nao;of
1190;4760;Sim;for
1191;4761;Nao;to studying
1191;4762;Sim;to study
1191;4763;Nao;for study
1191;4764;Nao;for studying
1192;4765;Nao;for visit
1192;4766;Sim;to visit
1192;4767;Nao;to visiting
1192;4768;Nao;for visiting
1193;4769;Nao;by
1193;4770;Nao;to
1193;4771;Sim;from
1193;4772;Nao;of
1194;4773;Nao;with
1194;4774;Sim;for
1194;4775;Nao;to
1194;4776;Nao;from
1195;4777;Sim;of/for
1195;4778;Nao;of/about
1195;4779;Nao;to/for
1195;4780;Nao;of/to
1196;4781;Sim;in
1196;4782;Nao;with
1196;4783;Nao;by
1196;4784;Nao;on
1197;4785;Nao;on
1197;4786;Nao;with
1197;4787;Sim;by
1197;4788;Nao;about
1198;4789;Nao;to
1198;4790;Nao;on
1198;4791;Sim;with
1198;4792;Nao;in
1199;4793;Nao;with
1199;4794;Sim;to
1199;4795;Nao;of
1199;4796;Nao;about
1200;4797;Nao;on/about
1200;4798;Nao;on/of
1200;4799;Nao;in/of
1200;4800;Sim;in/about
1201;4801;Sim;him
1201;4802;Nao;he
1201;4803;Nao;you
1201;4804;Nao;his
1202;4805;Nao;our
1202;4806;Sim;them
1202;4807;Nao;they
1202;4808;Nao;us
1203;4809;Nao;them
1203;4810;Sim;us
1203;4811;Nao;her
1203;4812;Nao;him
1204;4813;Nao;you
1204;4814;Nao;us
1204;4815;Sim;it
1204;4816;Nao;them
1205;4817;Nao;them
1205;4818;Nao;us
1205;4819;Sim;her
1205;4820;Nao;him
1206;4821;Sim;them
1206;4822;Nao;her
1206;4823;Nao;their
1206;4824;Nao;they
1207;4825;Nao;your
1207;4826;Nao;his
1207;4827;Nao;they
1207;4828;Sim;her
1208;4829;Nao;them
1208;4830;Sim;it
1208;4831;Nao;him
1208;4832;Nao;her
1209;4833;Nao;her
1209;4834;Sim;them
1209;4835;Nao;their
1209;4836;Nao;us
1210;4837;Sim;us
1210;4838;Nao;him
1210;4839;Nao;them
1210;4840;Nao;we
1211;4841;Nao;us
1211;4842;Nao;her
1211;4843;Sim;it
1211;4844;Nao;him
1212;4845;Nao;him
1212;4846;Nao;their
1212;4847;Sim;it
1212;4848;Nao;her
1213;4849;Nao;oneself
1213;4850;Nao;me
1213;4851;Nao;you
1213;4852;Sim;yourself
1214;4853;Sim;you
1214;4854;Nao;yours
1214;4855;Nao;yourself
1214;4856;Nao;your
1215;4857;Nao;ourselves
1215;4858;Nao;themselves
1215;4859;Nao;oneself
1215;4860;Sim;myself
1216;4861;Sim;us
1216;4862;Nao;they
1216;4863;Nao;we
1216;4864;Nao;he
1217;4865;Nao;her
1217;4866;Nao;they
1217;4867;Sim;them
1217;4868;Nao;him
1218;4869;Nao;its
1218;4870;Nao;him
1218;4871;Nao;her
1218;4872;Sim;it
1219;4873;Sim;them
1219;4874;Nao;him
1219;4875;Nao;they
1219;4876;Nao;it
1220;4877;Nao;them
1220;4878;Nao;his
1220;4879;Sim;us
1220;4880;Nao;hers
1221;4881;Nao;her
1221;4882;Nao;them
1221;4883;Nao;him
1221;4884;Sim;it
1222;4885;Nao;them
1222;4886;Sim;us
1222;4887;Nao;our
1222;4888;Nao;ours
1223;4889;Nao;our
1223;4890;Nao;they
1223;4891;Sim;them
1223;4892;Nao;us
1224;4893;Nao;her
1224;4894;Nao;them
1224;4895;Sim;it
1224;4896;Nao;him
1225;4897;Nao;herself
1225;4898;Nao;itself
1225;4899;Nao;himself
1225;4900;Sim;myself
1226;4901;Nao;myself
1226;4902;Nao;himself
1226;4903;Nao;ourselves
1226;4904;Sim;herself
1227;4905;Sim;themselves
1227;4906;Nao;ourselves
1227;4907;Nao;himself
1227;4908;Nao;herself
1228;4909;Nao;ourselves
1228;4910;Sim;yourself
1228;4911;Nao;themselves
1228;4912;Nao;herself
1229;4913;Nao;oneself
1229;4914;Sim;himself
1229;4915;Nao;myself
1229;4916;Nao;him
1230;4917;Nao;himself
1230;4918;Sim;myself
1230;4919;Nao;themselves
1230;4920;Nao;herself
1231;4921;Nao;she
1231;4922;Sim;herself
1231;4923;Nao;her
1231;4924;Nao;himself
1232;4925;Sim;mine
1232;4926;Nao;him
1232;4927;Nao;my
1232;4928;Nao;her
1233;4929;Sim;its
1233;4930;Nao;their
1233;4931;Nao;her
1233;4932;Nao;it's
1234;4933;Nao;Ours/Yours
1234;4934;Sim;Our/yours
1234;4935;Nao;Our/your
1234;4936;Nao;My/your
1235;4937;Nao;them/my
1235;4938;Nao;they/me
1235;4939;Sim;them/me
1235;4940;Nao;they/we
1236;4941;Nao;ours/us
1236;4942;Nao;us/us
1236;4943;Nao;our/ours
1236;4944;Sim;our/us
1237;4945;Sim;yours
1237;4946;Nao;your
1237;4947;Nao;our
1237;4948;Nao;yourself
1238;4949;Nao;Them/they
1238;4950;Nao;They're/them
1238;4951;Sim;Their/them
1238;4952;Nao;Their/they
1239;4953;Nao;our
1239;4954;Sim;us
1239;4955;Nao;ourselves
1239;4956;Nao;we
1240;4957;Nao;my
1240;4958;Sim;myself
1240;4959;Nao;me
1240;4960;Nao;I
1241;4961;Nao;Hers/hers
1241;4962;Nao;Her/her
1241;4963;Nao;Hers/her
1241;4964;Sim;Her/hers
1242;4965;Sim;herself
1242;4966;Nao;myself
1242;4967;Nao;her
1242;4968;Nao;yourself
1243;4969;Nao;yourselves
1243;4970;Nao;them
1243;4971;Sim;themselves
1243;4972;Nao;himself
1244;4973;Nao;I
1244;4974;Nao;my
1244;4975;Sim;myself
1244;4976;Nao;me
1245;4977;Nao;us
1245;4978;Nao;our
1245;4979;Nao;we
1245;4980;Sim;ourselves
1246;4981;Nao;themselves
1246;4982;Nao;herself
1246;4983;Sim;myself
1246;4984;Nao;me
1247;4985;Nao;their
1247;4986;Nao;theirs
1247;4987;Nao;they
1247;4988;Sim;them
1248;4989;Sim;yours
1248;4990;Nao;her
1248;4991;Nao;their
1248;4992;Nao;your
1249;4993;Nao;my/your
1249;4994;Sim;mine/yours
1249;4995;Nao;mine/your
1249;4996;Nao;my/yours
1250;4997;Sim;him
1250;4998;Nao;he
1250;4999;Nao;himself
1250;5000;Nao;his
1251;5001;Sim;us
1251;5002;Nao;you
1251;5003;Nao;him
1251;5004;Nao;ourselves
1252;5005;Nao;its
1252;5006;Nao;itself
1252;5007;Sim;it
1252;5008;Nao;yourself
1253;5009;Nao;herself
1253;5010;Nao;him
1253;5011;Nao;hers
1253;5012;Sim;her
1254;5013;Nao;hers
1254;5014;Sim;her
1254;5015;Nao;herself
1254;5016;Nao;him
1255;5017;Nao;mine
1255;5018;Sim;me
1255;5019;Nao;I
1255;5020;Nao;myself
1256;5021;Sim;them
1256;5022;Nao;him
1256;5023;Nao;themselves
1256;5024;Nao;they
1257;5025;Sim;myself
1257;5026;Nao;mine
1257;5027;Nao;I
1257;5028;Nao;me
1258;5029;Nao;I
1258;5030;Nao;mine
1258;5031;Sim;myself
1258;5032;Nao;me
1259;5033;Sim;herself
1259;5034;Nao;her
1259;5035;Nao;she
1259;5036;Nao;himself
1260;5037;Sim;himself
1260;5038;Nao;he
1260;5039;Nao;him
1260;5040;Nao;his
1261;5041;Nao;your
1261;5042;Sim;yourselves
1261;5043;Nao;you
1261;5044;Nao;themselves
1262;5045;Sim;yourself
1262;5046;Nao;your
1262;5047;Nao;myself
1262;5048;Nao;herself
1263;5049;Nao;ourselves
1263;5050;Nao;yourselves
1263;5051;Nao;yourself
1263;5052;Sim;themselves
1264;5053;Nao;hers
1264;5054;Sim;herself
1264;5055;Nao;she
1264;5056;Nao;yourself
1265;5057;Nao;yourselves
1265;5058;Nao;ourselves
1265;5059;Nao;they
1265;5060;Sim;themselves
1266;5061;Sim;herself
1266;5062;Nao;yourself
1266;5063;Nao;hers
1266;5064;Nao;she
1267;5065;Nao;it
1267;5066;Sim;itself
1267;5067;Nao;its
1267;5068;Nao;yourself
1268;5069;Nao;myself
1268;5070;Nao;herself
1268;5071;Nao;my
1268;5072;Sim;mine
1269;5073;Nao;them
1269;5074;Nao;their
1269;5075;Sim;theirs
1269;5076;Nao;they
1270;5077;Nao;itself
1270;5078;Nao;he
1270;5079;Sim;his
1270;5080;Nao;him
1271;5081;Nao;she
1271;5082;Sim;hers
1271;5083;Nao;herself
1271;5084;Nao;her
1272;5085;Nao;himself
1272;5086;Nao;him
1272;5087;Nao;he
1272;5088;Sim;his
1273;5089;Nao;himself
1273;5090;Sim;his
1273;5091;Nao;she
1273;5092;Nao;he
1274;5093;Nao;she
1274;5094;Nao;he
1274;5095;Nao;your
1274;5096;Sim;himself
1275;5097;Nao;I
1275;5098;Nao;me
1275;5099;Sim;mine
1275;5100;Nao;my
1276;5101;Nao;itself
1276;5102;Sim;himself
1276;5103;Nao;yourself
1276;5104;Nao;themselves
1277;5105;Nao;them
1277;5106;Nao;her
1277;5107;Nao;our
1277;5108;Sim;mine
1278;5109;Sim;my sister's
1278;5110;Nao;my sister
1278;5111;Nao;her
1278;5112;Nao;she's
1279;5113;Sim;them
1279;5114;Nao;they
1279;5115;Nao;their
1279;5116;Nao;hers
1280;5117;Sim;her/me
1280;5118;Nao;her/my
1280;5119;Nao;hers/me
1280;5120;Nao;her/I
1281;5121;Nao;mine/his
1281;5122;Nao;my/him
1281;5123;Nao;me/he
1281;5124;Sim;me/him
1282;5125;Nao;mine
1282;5126;Sim;myself
1282;5127;Nao;me
1282;5128;Nao;to me
1283;5129;Nao;hers
1283;5130;Sim;herself
1283;5131;Nao;yourself
1283;5132;Nao;her
1284;5133;Nao;he
1284;5134;Nao;his
1284;5135;Sim;him
1284;5136;Nao;himself
1285;5137;Nao;her
1285;5138;Nao;hers
1285;5139;Sim;herself
1285;5140;Nao;yourself
1286;5141;Nao;herself
1286;5142;Nao;myself's
1286;5143;Nao;mine
1286;5144;Sim;my own
1287;5145;Nao;mine/yours
1287;5146;Nao;mine/your
1287;5147;Sim;my/yours
1287;5148;Nao;my/your
1288;5149;Nao;We
1288;5150;Nao;Ours
1288;5151;Sim;Our
1288;5152;Nao;Their
1289;5153;Nao;your
1289;5154;Nao;their
1289;5155;Sim;her
1289;5156;Nao;his
1290;5157;Nao;us
1290;5158;Nao;mine
1290;5159;Sim;our
1290;5160;Nao;hers
1291;5161;Sim;her
1291;5162;Nao;him
1291;5163;Nao;hers
1291;5164;Nao;them
1292;5165;Nao;His
1292;5166;Sim;Their
1292;5167;Nao;Them
1292;5168;Nao;They
1293;5169;Nao;hers
1293;5170;Nao;her
1293;5171;Sim;its
1293;5172;Nao;it's
1294;5173;Nao;itself
1294;5174;Nao;himself
1294;5175;Nao;themselves
1294;5176;Sim;yourself
1295;5177;Sim;me/myself
1295;5178;Nao;me/I
1295;5179;Nao;my/myself
1295;5180;Nao;I/me
1296;5181;Nao;I
1296;5182;Nao;me
1296;5183;Nao;my
1296;5184;Sim;myself
1297;5185;Nao;we
1297;5186;Nao;our
1297;5187;Sim;us
1297;5188;Nao;themselves
1298;5189;Sim;yourself
1298;5190;Nao;you
1298;5191;Nao;himself
1298;5192;Nao;his
1299;5193;Nao;them
1299;5194;Nao;he
1299;5195;Nao;him
1299;5196;Sim;you
1300;5197;Nao;us
1300;5198;Nao;he
1300;5199;Sim;we
1300;5200;Nao;I
1301;5201;Nao;Have/move
1301;5202;Nao;Has/moved
1301;5203;Nao;Did/moved
1301;5204;Sim;Have/moved
1302;5205;Sim;watched
1302;5206;Nao;have watched
1302;5207;Nao;was watching
1302;5208;Nao;watch
1303;5209;Nao;see
1303;5210;Sim;saw
1303;5211;Nao;was seeing
1303;5212;Nao;have seen
1304;5213;Nao;are having
1304;5214;Sim;haven't had
1304;5215;Nao;didn't have
1304;5216;Nao;don't have
1305;5217;Nao;from
1305;5218;Nao;since
1305;5219;Nao;to
1305;5220;Sim;for
1306;5221;Sim;haven't seen
1306;5222;Nao;saw
1306;5223;Nao;couldn't see
1306;5224;Nao;didn't see
1307;5225;Sim;have been
1307;5226;Nao;are being
1307;5227;Nao;are 
1307;5228;Nao;were
1308;5229;Nao;I haven't/I am
1308;5230;Nao;I didn't/I was
1308;5231;Nao;I didn't/I've been
1308;5232;Sim;I haven't/I've been
1309;5233;Nao;I never been
1309;5234;Nao;I didn't go
1309;5235;Sim;I've never been 
1309;5236;Nao;was never
1310;5237;Sim;have seen
1310;5238;Nao;saw
1310;5239;Nao;had seen
1310;5240;Nao;could see
1311;5241;Sim;Have you ever seen
1311;5242;Nao;Did you ever see
1311;5243;Nao;Were there
1311;5244;Nao;There was
1312;5245;Sim;he ever been
1312;5246;Nao;they ever traveled 
1312;5247;Nao;you been
1312;5248;Nao;you ever been
1313;5249;Nao;are/were
1313;5250;Nao;are being/were
1313;5251;Sim;have been/were
1313;5252;Nao;were/were
1314;5253;Nao;I will have
1314;5254;Nao;I had
1314;5255;Sim;I've had
1314;5256;Nao;I was having
1315;5257;Sim;has been
1315;5258;Nao;have been
1315;5259;Nao;was
1315;5260;Nao;took
1316;5261;Sim;have/been
1316;5262;Nao;don't/go
1316;5263;Nao;didn't/go
1316;5264;Nao;haven't/been
1317;5265;Nao;Have/been losing
1317;5266;Nao;Will/have lost
1317;5267;Nao;Had/lost
1317;5268;Sim;Have/lost
1318;5269;Nao;didn't/eat
1318;5270;Nao;haven't/eaten
1318;5271;Sim;has/eaten
1318;5272;Nao;hasn't/eaten
1319;5273;Nao;Will/have been
1319;5274;Nao;Are/being
1319;5275;Nao;Have/been going
1319;5276;Sim;Have/been
1320;5277;Sim;has/had
1320;5278;Nao;will have/had
1320;5279;Nao;hasn't/had
1320;5280;Nao;didn't/have
1321;5281;Sim;Has/had
1321;5282;Nao;Had/had
1321;5283;Nao;Have/had
1321;5284;Nao;Did/have
1322;5285;Nao;had slept
1322;5286;Sim;has slept
1322;5287;Nao;sleeps
1322;5288;Nao;sleep
1323;5289;Sim;Have/heard
1323;5290;Nao;Have/hear
1323;5291;Nao;Did/heard
1323;5292;Nao;Has/heard
1324;5293;Nao;didn't/finish
1324;5294;Nao;has/been finishing
1324;5295;Nao;hasn't/finished
1324;5296;Sim;has/finished
1325;5297;Nao;bake
1325;5298;Nao;have baked
1325;5299;Sim;has baked
1325;5300;Nao;haven't baked
1326;5301;Nao;had drunk
1326;5302;Sim;have drunk
1326;5303;Nao;have drank
1326;5304;Nao;hadn't drank
1327;5305;Sim;Have/had
1327;5306;Nao;Had/had
1327;5307;Nao;Do/have
1327;5308;Nao;Were/having
1328;5309;Sim;hasn't tried
1328;5310;Nao;has tried
1328;5311;Nao;will have tried
1328;5312;Nao;tried
1329;5313;Nao;have/been coming
1329;5314;Nao;has/came
1329;5315;Sim;have/come
1329;5316;Nao;have/came
1330;5317;Nao;does/have
1330;5318;Nao;have/had
1330;5319;Sim;has/had
1330;5320;Nao;had/had
1331;5321;Nao;has/gone
1331;5322;Nao;is/being
1331;5323;Nao;have/been
1331;5324;Sim;has/been
1332;5325;Nao;have known/for
1332;5326;Nao;knew/for
1332;5327;Sim;have known/since
1332;5328;Nao;know/since
1333;5329;Nao;hasn't made
1333;5330;Sim;hasn't done
1333;5331;Nao;will have done
1333;5332;Nao;haven't done
1334;5333;Nao;have/done
1334;5334;Sim;have/asked
1334;5335;Nao;haven't/asked
1334;5336;Nao;didn't/ask
1335;5337;Sim;has/caught
1335;5338;Nao;didn't/catch
1335;5339;Nao;did/catch
1335;5340;Nao;has/catch
1336;5341;Nao;Had/had
1336;5342;Sim;Have/had
1336;5343;Nao;Did/have
1336;5344;Nao;Did/had
1337;5345;Nao;Did/wrote
1337;5346;Nao;Have/wrote
1337;5347;Sim;Have/written
1337;5348;Nao;Did/write
1338;5349;Nao;Have/rode
1338;5350;Sim;Have/ridden
1338;5351;Nao;Have/ride
1338;5352;Nao;Did/ride
1339;5353;Sim;have met/moved
1339;5354;Nao;met/have moved
1339;5355;Nao;meet/have moved
1339;5356;Nao;meet/moved
1340;5357;Nao;did/arrive
1340;5358;Sim;have/arrived
1340;5359;Nao;had/arrived
1340;5360;Nao;were/arrived
1341;5361;Nao;lived
1341;5362;Sim;has lived
1341;5363;Nao;was living
1341;5364;Nao;haven't lived
1342;5365;Sim;has never been
1342;5366;Nao;had been 
1342;5367;Nao;never went
1342;5368;Nao;never was
1343;5369;Nao;have to finish
1343;5370;Nao;had finished
1343;5371;Sim;finished
1343;5372;Nao;have finished
1344;5373;Nao;was teaching
1344;5374;Sim;have taught
1344;5375;Nao;taught
1344;5376;Nao;have been teaching
1345;5377;Nao;was
1345;5378;Nao;travelled
1345;5379;Nao;went
1345;5380;Sim;have been
1346;5381;Sim;hasn't arrived yet
1346;5382;Nao;haven't arrived yet
1346;5383;Nao;didn't arrive yet
1346;5384;Nao;doesn't arrive yet
1347;5385;Nao;am learning
1347;5386;Nao;learned
1347;5387;Nao;was learning
1347;5388;Sim;have learned
1348;5389;Nao;didn't announce
1348;5390;Nao;has been announced
1348;5391;Nao;wasn't announced
1348;5392;Sim;hasn't been announced
1349;5393;Sim;has changed
1349;5394;Nao;changes
1349;5395;Nao;have changed
1349;5396;Nao;changed
1350;5397;Nao;does he write
1350;5398;Sim;has he written
1350;5399;Nao;he wrote
1350;5400;Nao;he has written
1351;5401;Sim;haven't seen
1351;5402;Nao;didn't see
1351;5403;Nao;don't see
1351;5404;Nao;hasn't seen
1352;5405;Nao;He showed
1352;5406;Nao;Did he show
1352;5407;Sim;Has he shown
1352;5408;Nao;He has shown
1353;5409;Nao;You've ever been/I've never been
1353;5410;Sim;Have you ever been/I've never been
1353;5411;Nao;Did you ever be/I was never
1353;5412;Nao;Did you ever go/I never went
1354;5413;Nao;I/having
1354;5414;Sim;I've/had
1354;5415;Nao;I've/have
1354;5416;Nao;I/have
1355;5417;Nao;made
1355;5418;Sim;has made
1355;5419;Nao;is making
1355;5420;Nao;didn't make
1356;5421;Nao;won't sell
1356;5422;Sim;haven't sold
1356;5423;Nao;have sold
1356;5424;Nao;didn't sell
1357;5425;Nao;I can have 
1357;5426;Nao;I would have
1357;5427;Sim;I've already had
1357;5428;Nao;I have
1358;5429;Nao;Will you choose
1358;5430;Nao;Did you choose
1358;5431;Sim;Have you chosen
1358;5432;Nao;Could you choose
1359;5433;Nao;is
1359;5434;Nao;was
1359;5435;Nao;is being
1359;5436;Sim;has been
1360;5437;Nao;I visited
1360;5438;Nao;I didn't go visit
1360;5439;Nao;I didn't visit
1360;5440;Sim;I haven't visited
1361;5441;Nao;has/bought
1361;5442;Nao;did/buy
1361;5443;Nao;have/buy
1361;5444;Sim;have/bought
1362;5445;Nao;about to read
1362;5446;Nao;always read
1362;5447;Sim;ever read
1362;5448;Nao;just read
1363;5449;Nao;ate
1363;5450;Nao;eating
1363;5451;Nao;eat
1363;5452;Sim;eaten
1364;5453;Nao;I've just been to
1364;5454;Nao;I went
1364;5455;Sim;I've ever been to
1364;5456;Nao;I was
1365;5457;Nao;is rising
1365;5458;Sim;has risen
1365;5459;Nao;rose
1365;5460;Nao;will rise
1366;5461;Nao;dropped
1366;5462;Sim;has dropped
1366;5463;Nao;drops
1366;5464;Nao;will drop
1367;5465;Nao;don't fly
1367;5466;Sim;haven't flown
1367;5467;Nao;didn't fly
1367;5468;Nao;won't fly
1368;5469;Nao;climbs
1368;5470;Nao;is climbing
1368;5471;Nao;will have climbed
1368;5472;Sim;has climbed
1369;5473;Nao;wins
1369;5474;Sim;has won
1369;5475;Nao;is winning
1369;5476;Nao;won
1370;5477;Nao;played
1370;5478;Nao;is playing
1370;5479;Sim;has played
1370;5480;Nao;plays
1371;5481;Nao;went
1371;5482;Sim;have been
1371;5483;Nao;are going to
1371;5484;Nao;will go
1372;5485;Nao;didn't sleep
1372;5486;Sim;have slept
1372;5487;Nao;slept
1372;5488;Nao;am sleeping
1373;5489;Nao;am/making
1373;5490;Sim;have/made
1373;5491;Nao;will have/made
1373;5492;Nao;didn't/make
1374;5493;Sim;have posted
1374;5494;Nao;am posting
1374;5495;Nao;didn't post
1374;5496;Nao;posted
1375;5497;Nao;didn't/crash
1375;5498;Nao;haven't/crashed
1375;5499;Nao;don't/never
1375;5500;Sim;have/crashed
1376;5501;Nao;doesn't/cut
1376;5502;Nao;didn't/never
1376;5503;Nao;hasn't/cut
1376;5504;Sim;has/cut
1377;5505;Nao;are being
1377;5506;Sim;have been
1377;5507;Nao;aren't
1377;5508;Nao;are
1378;5509;Nao;is losing
1378;5510;Sim;has lost
1378;5511;Nao;lost
1378;5512;Nao;didn't lose
1379;5513;Nao;is writing
1379;5514;Nao;wrote
1379;5515;Sim;has written
1379;5516;Nao;didn't write
1380;5517;Nao;are having
1380;5518;Sim;have had
1380;5519;Nao;didn't have
1380;5520;Nao;had
1381;5521;Nao;didn't finish
1381;5522;Nao;have finished
1381;5523;Sim;haven't finished
1381;5524;Nao;finished
1382;5525;Sim;has been
1382;5526;Nao;is
1382;5527;Nao;is being
1382;5528;Nao;was
1383;5529;Nao;Will/be finding
1383;5530;Sim;Have/found
1383;5531;Nao;Should/find
1383;5532;Nao;Will/have found
1384;5533;Nao;wouldn't/meet
1384;5534;Nao;won't/have met
1384;5535;Nao;didn't/meet
1384;5536;Sim;have/met
1385;5537;Nao;failed
1385;5538;Nao;am failing
1385;5539;Sim;have failed
1385;5540;Nao;didn't fail
1386;5541;Nao;saw
1386;5542;Nao;is seeing
1386;5543;Nao;didn't see
1386;5544;Sim;has seen
1387;5545;Nao;was
1387;5546;Nao;will be
1387;5547;Sim;has been
1387;5548;Nao;is
1388;5549;Nao;were/been
1388;5550;Nao;did/go
1388;5551;Sim;have/been
1388;5552;Nao;didn't/go
1389;5553;Sim;have had
1389;5554;Nao;am having
1389;5555;Nao;didn't have
1389;5556;Nao;had
1390;5557;Nao;is going to find
1390;5558;Nao;found
1390;5559;Sim;hasn't found
1390;5560;Nao;has found
1391;5561;Sim;has/seen
1391;5562;Nao;doesn't/see
1391;5563;Nao;hasn't/seen
1391;5564;Nao;didn't/see
1392;5565;Nao;learns
1392;5566;Sim;has learned
1392;5567;Nao;didn't learn
1392;5568;Nao;learned
1393;5569;Nao;are/knowing
1393;5570;Nao;don't/know
1393;5571;Nao;do/know
1393;5572;Sim;have/known
1394;5573;Sim;hasn't finished
1394;5574;Nao;has finished
1394;5575;Nao;didn't finish
1394;5576;Nao;doesn't finish
1395;5577;Sim;has had
1395;5578;Nao;had
1395;5579;Nao;has
1395;5580;Nao;didn't have
1396;5581;Nao;will become
1396;5582;Nao;became
1396;5583;Sim;have become
1396;5584;Nao;become
1397;5585;Nao;have eaten
1397;5586;Sim;haven't eaten
1397;5587;Nao;ate
1397;5588;Nao;aren't eating
1398;5589;Nao;don't/worry
1398;5590;Nao;haven't/worried
1398;5591;Nao;didn't/worry
1398;5592;Sim;have/worried
1399;5593;Nao;Do/have
1399;5594;Nao;Had/had
1399;5595;Nao;Are/having
1399;5596;Sim;Have/had
1400;5597;Nao;was
1400;5598;Nao;has been
1400;5599;Nao;is
1400;5600;Sim;has been
1401;5601;Nao;always
1401;5602;Nao;every day
1401;5603;Sim;never
1401;5604;Nao;frequently
1402;5605;Sim;twice a week
1402;5606;Nao;once a week
1402;5607;Nao;every day
1402;5608;Nao;rarely
1403;5609;Nao;usually
1403;5610;Nao;never
1403;5611;Sim;every day
1403;5612;Nao;rarely
1404;5613;Sim;often
1404;5614;Nao;hardly ever
1404;5615;Nao;never
1404;5616;Nao;rarely
1405;5617;Nao;Yesterday
1405;5618;Nao;Soon
1405;5619;Nao;Afternoon
1405;5620;Sim;Tomorrow
1406;5621;Nao;extremely
1406;5622;Nao;kindly
1406;5623;Sim;noisily 
1406;5624;Nao;well
1407;5625;Nao;usually
1407;5626;Nao;ever
1407;5627;Nao;always
1407;5628;Sim;never
1408;5629;Nao;easily
1408;5630;Nao;well
1408;5631;Sim;quietly
1408;5632;Nao;silent
1409;5633;Nao;enough
1409;5634;Sim;really
1409;5635;Nao;real
1409;5636;Nao;much
1410;5637;Nao;totally/so
1410;5638;Nao;real/very
1410;5639;Sim;totally/very
1410;5640;Nao;really/so
1411;5641;Nao;good/really/usually/rarely
1411;5642;Nao;good/brother/driver/he
1411;5643;Sim;really/fast/usually/rarely
1411;5644;Nao;really/usually/rarely
1412;5645;Sim;absolutely
1412;5646;Nao;totally
1412;5647;Nao;completely
1412;5648;Nao;entirely
1413;5649;Nao;a little
1413;5650;Nao;very
1413;5651;Nao;extremely
1413;5652;Sim;real
1414;5653;Nao;every week
1414;5654;Nao;often
1414;5655;Sim;frequent
1414;5656;Nao;all the time
1415;5657;Nao;gorgeous
1415;5658;Nao;excellent
1415;5659;Sim;beautifully
1415;5660;Nao;pretty
1416;5661;Sim;hardly ever
1416;5662;Nao;enough
1416;5663;Nao;once
1416;5664;Nao;easily
1417;5665;Nao;badly
1417;5666;Nao;excellent
1417;5667;Sim;well
1417;5668;Nao;goodly
1418;5669;Nao;rude
1418;5670;Nao;polite
1418;5671;Nao;good
1418;5672;Sim;politely
1419;5673;Nao;extremely
1419;5674;Nao;dangerous
1419;5675;Sim;dangerously
1419;5676;Nao;good
1420;5677;Nao;silence
1420;5678;Nao;goodly
1420;5679;Sim;quietly
1420;5680;Nao;quiet
1421;5681;Nao;easy
1421;5682;Sim;easily
1421;5683;Nao;hard
1421;5684;Nao;difficult
1422;5685;Nao;nice
1422;5686;Nao;angry
1422;5687;Sim;angrily
1422;5688;Nao;quiet
1423;5689;Nao;silent
1423;5690;Sim;noisily 
1423;5691;Nao;noise
1423;5692;Nao;a little
1424;5693;Nao;extremely
1424;5694;Nao;tight
1424;5695;Sim;tightly
1424;5696;Nao;weak
1425;5697;Sim;comfortably
1425;5698;Nao;good
1425;5699;Nao;uncomfortable
1425;5700;Nao;happy
1426;5701;Sim;brightly
1426;5702;Nao;bright
1426;5703;Nao;clear
1426;5704;Nao;always
1427;5705;Sim;always/never
1427;5706;Nao;always/always
1427;5707;Nao;never/never
1427;5708;Nao;often/always
1428;5709;Nao;few
1428;5710;Nao;too many
1428;5711;Nao;many
1428;5712;Sim;too much
1429;5713;Sim;enough
1429;5714;Nao;a few
1429;5715;Nao;much
1429;5716;Nao;too little
1430;5717;Nao;too many
1430;5718;Nao;excellent
1430;5719;Nao;many
1430;5720;Sim;enough
1431;5721;Nao;little
1431;5722;Nao;enough
1431;5723;Sim;fewer
1431;5724;Nao;much
1432;5725;Nao;few
1432;5726;Sim;much
1432;5727;Nao;many
1432;5728;Nao;too many
1433;5729;Nao;hardly ever
1433;5730;Nao;easily
1433;5731;Sim;suddenly
1433;5732;Nao;never
1434;5733;Nao;calm
1434;5734;Nao;seldom
1434;5735;Sim;nervously
1434;5736;Nao;nervous
1435;5737;Nao;badly/carefully
1435;5738;Nao;carefully/always
1435;5739;Nao;beautifully/always
1435;5740;Sim;always/carefully
1436;5741;Nao;never
1436;5742;Nao;almost
1436;5743;Nao;before
1436;5744;Sim;empty
1437;5745;Sim;well
1437;5746;Nao;light
1437;5747;Nao;wavy
1437;5748;Nao;good
1438;5749;Nao;certainly
1438;5750;Sim;almost
1438;5751;Nao;clearly
1438;5752;Nao;often 
1439;5753;Nao;speedy
1439;5754;Sim;quickly
1439;5755;Nao;prompt
1439;5756;Nao;before
1440;5757;Sim;really
1440;5758;Nao;extremely
1440;5759;Nao;absolutely
1440;5760;Nao;so
1441;5761;Sim;slowly
1441;5762;Nao;formal
1441;5763;Nao;good
1441;5764;Nao;strange
1442;5765;Nao;efficiently
1442;5766;Nao;entire
1442;5767;Sim;exactly
1442;5768;Nao;actual
1443;5769;Sim;primarily
1443;5770;Nao;perfectly
1443;5771;Nao;special
1443;5772;Nao;most
1444;5773;Nao;tremendous
1444;5774;Nao;excessive
1444;5775;Nao;much
1444;5776;Sim;extremely
1445;5777;Nao;full
1445;5778;Sim;faster
1445;5779;Nao;nicer
1445;5780;Nao;probably
1446;5781;Nao;extremely
1446;5782;Nao;lively
1446;5783;Nao;lately
1446;5784;Sim;usually
1447;5785;Nao;frequent
1447;5786;Nao;sadly
1447;5787;Sim;often
1447;5788;Nao;angrily
1448;5789;Sim;always
1448;5790;Nao;most
1448;5791;Nao;never
1448;5792;Nao;frequent
1449;5793;Sim;never
1449;5794;Nao;always
1449;5795;Nao;often
1449;5796;Nao;likely
1450;5797;Nao;probable
1450;5798;Sim;repeatedly
1450;5799;Nao;lively
1450;5800;Nao;frequent
1451;5801;Sim;quickly
1451;5802;Nao;easy
1451;5803;Nao;quick
1451;5804;Nao;complete
1452;5805;Nao;always/on time
1452;5806;Sim;never/soon
1452;5807;Nao;never/frequent
1452;5808;Nao;often/on time
1453;5809;Nao;Always
1453;5810;Nao;Frequently
1453;5811;Sim;Suddenly
1453;5812;Nao;Often
1454;5813;Nao;often
1454;5814;Sim;anywhere
1454;5815;Nao;frequently
1454;5816;Nao;everywhere
1455;5817;Sim;likely
1455;5818;Nao;interestingly
1455;5819;Nao;interested
1455;5820;Nao;probable
1456;5821;Nao;interestingly
1456;5822;Nao;probable
1456;5823;Sim;likely
1456;5824;Nao;obvious
1457;5825;Nao;full
1457;5826;Sim;everywhere
1457;5827;Nao;anywhere
1457;5828;Nao;anybody
1458;5829;Nao;early
1458;5830;Nao;likely
1458;5831;Nao;lately
1458;5832;Sim;late
1459;5833;Sim;slowly
1459;5834;Nao;quickly
1459;5835;Nao;slow
1459;5836;Nao;fast
1460;5837;Nao;likely
1460;5838;Nao;complete
1460;5839;Sim;completely
1460;5840;Nao;frequently
1461;5841;Nao;always/polite
1461;5842;Nao;never/politely
1461;5843;Sim;always/politely
1461;5844;Nao;never/polite
1462;5845;Sim;angrily
1462;5846;Nao;hasty
1462;5847;Nao;nice
1462;5848;Nao;happily
1463;5849;Nao;sadly
1463;5850;Nao;angrily
1463;5851;Nao;nice
1463;5852;Sim;happily
1464;5853;Nao;nicely
1464;5854;Nao;well
1464;5855;Nao;bad
1464;5856;Sim;badly
1465;5857;Sim;quickly
1465;5858;Nao;politely
1465;5859;Nao;quick
1465;5860;Nao;slowly
1466;5861;Nao;quietly
1466;5862;Sim;loudly
1466;5863;Nao;loud
1466;5864;Nao;shout
1467;5865;Nao;restlessly
1467;5866;Nao;careful
1467;5867;Nao;restless
1467;5868;Sim;carefully
1468;5869;Sim;never
1468;5870;Nao;always
1468;5871;Nao;frequently
1468;5872;Nao;usually
1469;5873;Nao;seldom
1469;5874;Sim;always
1469;5875;Nao;hardly ever
1469;5876;Nao;frequent
1470;5877;Nao;likely
1470;5878;Sim;always
1470;5879;Nao;seldom
1470;5880;Nao;hardly ever
1471;5881;Nao;frequently
1471;5882;Sim;happily
1471;5883;Nao;never
1471;5884;Nao;sadly
1472;5885;Nao;careful
1472;5886;Nao;seldom
1472;5887;Sim;carefully
1472;5888;Nao;slow
1473;5889;Nao;likely
1473;5890;Sim;loudly
1473;5891;Nao;happy
1473;5892;Nao;quietly
1474;5893;Nao;rude
1474;5894;Nao;probably
1474;5895;Nao;polite
1474;5896;Sim;politely
1475;5897;Nao;terribly
1475;5898;Nao;always
1475;5899;Sim;perfectly
1475;5900;Nao;perfect
1476;5901;Nao;seldom
1476;5902;Sim;well
1476;5903;Nao;quickly
1476;5904;Nao;deep
1477;5905;Sim;decisively
1477;5906;Nao;careful
1477;5907;Nao;decided
1477;5908;Nao;reluctantly
1478;5909;Nao;terribly
1478;5910;Nao;hardly ever
1478;5911;Nao;frequent
1478;5912;Sim;daily
1479;5913;Sim;highly
1479;5914;Nao;hardly
1479;5915;Nao;frequent
1479;5916;Nao;badly
1480;5917;Sim;monthly
1480;5918;Nao;terribly
1480;5919;Nao;month
1480;5920;Nao;politely
1481;5921;Nao;year
1481;5922;Nao;frequent
1481;5923;Nao;never
1481;5924;Sim;yearly
1482;5925;Nao;hardly ever
1482;5926;Sim;constantly
1482;5927;Nao;never
1482;5928;Nao;frequent
1483;5929;Nao;loudly
1483;5930;Nao;quietly
1483;5931;Sim;absolutely
1483;5932;Nao;poorly
1484;5933;Nao;yearly
1484;5934;Nao;carefully
1484;5935;Sim;extremely
1484;5936;Nao;loudly
1485;5937;Nao;much
1485;5938;Nao;few
1485;5939;Sim;little
1485;5940;Nao;some
1486;5941;Sim;nearly
1486;5942;Nao;little
1486;5943;Nao;politely
1486;5944;Nao;absolutely
1487;5945;Nao;politely
1487;5946;Sim;incredibly
1487;5947;Nao;badly
1487;5948;Nao;incredible
1488;5949;Nao;daily
1488;5950;Nao;slowly
1488;5951;Nao;badly
1488;5952;Sim;entirely
1489;5953;Nao;extremely
1489;5954;Nao;likely
1489;5955;Sim;never
1489;5956;Nao;every day
1490;5957;Nao;here
1490;5958;Sim;there
1490;5959;Nao;away
1490;5960;Nao;everywhere
1491;5961;Sim;never
1491;5962;Nao;highly
1491;5963;Nao;little
1491;5964;Nao;every day
1492;5965;Sim;slowly
1492;5966;Nao;careful
1492;5967;Nao;badly
1492;5968;Nao;slow
1493;5969;Sim;terribly
1493;5970;Nao;politely
1493;5971;Nao;happily
1493;5972;Nao;terrible
1494;5973;Nao;frequently
1494;5974;Sim;downstairs
1494;5975;Nao;extremely
1494;5976;Nao;likely
1495;5977;Nao;yearly
1495;5978;Nao;never
1495;5979;Sim;anywhere
1495;5980;Nao;everywhere
1496;5981;Nao;carefully
1496;5982;Nao;happily
1496;5983;Nao;absolutely
1496;5984;Sim;lately
1497;5985;Nao;frequent
1497;5986;Nao;highly
1497;5987;Sim;lately
1497;5988;Nao;incredibly
1498;5989;Sim;quietly
1498;5990;Nao;highly
1498;5991;Nao;careful
1498;5992;Nao;loudly
1499;5993;Nao;high
1499;5994;Nao;quietly
1499;5995;Sim;quite
1499;5996;Nao;quiet
1500;5997;Sim;upstairs
1500;5998;Nao;lately
1500;5999;Nao;few
1500;6000;Nao;loud
1501;6001;Nao;going to rain
1501;6002;Sim;will rain
1501;6003;Nao;would rain
1501;6004;Nao;rains
1502;6005;Nao;would begin
1502;6006;Nao;will to begin
1502;6007;Nao;began
1502;6008;Sim;will begin
1503;6009;Nao;I would help
1503;6010;Nao;I could help
1503;6011;Nao;I do help
1503;6012;Sim;I will help
1504;6013;Nao;never guessed
1504;6014;Nao;never guess
1504;6015;Sim;ll never guess
1504;6016;Nao;never will guess
1505;6017;Nao;I was going to be
1505;6018;Nao;I am
1505;6019;Nao;I would be
1505;6020;Sim;I'll be
1506;6021;Sim;it will
1506;6022;Nao;it won't
1506;6023;Nao;it wouldn't
1506;6024;Nao;it would
1507;6025;Sim;will be
1507;6026;Nao;is going
1507;6027;Nao;won't be
1507;6028;Nao;looks
1508;6029;Nao;could be
1508;6030;Nao;isn't going to be
1508;6031;Sim;will be
1508;6032;Nao;won't be
1509;6033;Nao;I'll go to
1509;6034;Nao;I had to
1509;6035;Sim;I'm going to
1509;6036;Nao;I went to
1510;6037;Sim;will be here
1510;6038;Nao;are here
1510;6039;Nao;got here
1510;6040;Nao;won't arrive
1511;6041;Sim;is he going to sleep
1511;6042;Nao;he will sleep
1511;6043;Nao;does he sleep
1511;6044;Nao;he is going to sleep
1512;6045;Nao;I'm
1512;6046;Sim;I will 
1512;6047;Nao;I would
1512;6048;Nao;I
1513;6049;Nao;will to meet
1513;6050;Sim;am meeting
1513;6051;Nao;will be met
1513;6052;Nao;meet
1514;6053;Nao;I caught
1514;6054;Sim;I'm catching
1514;6055;Nao;I would catch
1514;6056;Nao;I will to catch
1515;6057;Nao;Would you
1515;6058;Sim;You will
1515;6059;Nao;Are you going to
1515;6060;Nao;Did you
1516;6061;Nao;I won't get
1516;6062;Sim;I'll get
1516;6063;Nao;I would get
1516;6064;Nao;will I get
1517;6065;Nao;won't lose
1517;6066;Sim;will lose
1517;6067;Nao;be losing
1517;6068;Nao;are losing
1518;6069;Nao;migrate
1518;6070;Nao;are migrating
1518;6071;Nao;migrated
1518;6072;Sim;will migrate
1519;6073;Nao;would
1519;6074;Nao;will to
1519;6075;Sim;is going to
1519;6076;Nao;goes to
1520;6077;Nao;could
1520;6078;Sim;is going to
1520;6079;Nao;would
1520;6080;Nao;will to
1521;6081;Nao;will to
1521;6082;Nao;would
1521;6083;Sim;are going to
1521;6084;Nao;is going to
1522;6085;Nao;is going to
1522;6086;Sim;are going to
1522;6087;Nao;will to
1522;6088;Nao;were going to
1523;6089;Nao;would
1523;6090;Sim;is going to
1523;6091;Nao;will to
1523;6092;Nao;goes to
1524;6093;Sim;are going to get
1524;6094;Nao;is going to get
1524;6095;Nao;got
1524;6096;Nao;would get
1525;6097;Nao;is going to get
1525;6098;Nao;would get
1525;6099;Sim;gets
1525;6100;Nao;will get
1526;6101;Nao;will/done
1526;6102;Nao;will/going to do
1526;6103;Sim;is/going to do
1526;6104;Nao;does/will do
1527;6105;Nao;threw
1527;6106;Sim;is going to throw
1527;6107;Nao;will thrown
1527;6108;Nao;throws
1528;6109;Sim;is going to be
1528;6110;Nao;would be
1528;6111;Nao;gets
1528;6112;Nao;is being
1529;6113;Nao;is going to drive
1529;6114;Nao;is driving
1529;6115;Nao;won't drive
1529;6116;Sim;are going to drive
1530;6117;Nao;are arriving
1530;6118;Sim;arrive
1530;6119;Nao;will arrive
1530;6120;Nao;are going to arrive
1531;6121;Nao;will/spent
1531;6122;Sim;are/going to spend
1531;6123;Nao;will/spending
1531;6124;Nao;would/spend
1532;6125;Nao;would get
1532;6126;Sim;will get
1532;6127;Nao;are getting
1532;6128;Nao;get
1533;6129;Sim;will live
1533;6130;Nao;are living
1533;6131;Nao;live
1533;6132;Nao;would live
1534;6133;Nao;would get
1534;6134;Nao;will to get
1534;6135;Nao;gets
1534;6136;Sim;will get
1535;6137;Nao;had
1535;6138;Nao;have
1535;6139;Nao;having
1535;6140;Sim;will have
1536;6141;Nao;would pass
1536;6142;Nao;is passing
1536;6143;Nao;passes
1536;6144;Sim;will pass
1537;6145;Nao;are moving
1537;6146;Nao;would move
1537;6147;Sim;will move
1537;6148;Nao;move
1538;6149;Nao;am going to answer
1538;6150;Nao;am answering
1538;6151;Sim;will answer
1538;6152;Nao;would answer
1539;6153;Nao;I
1539;6154;Nao;I would
1539;6155;Nao;I am going to 
1539;6156;Sim;I'll
1540;6157;Sim;will help
1540;6158;Nao;will to help
1540;6159;Nao;help
1540;6160;Nao;would help
1541;6161;Nao;Are/going to hold
1541;6162;Sim;Will/hold
1541;6163;Nao;Are/holding
1541;6164;Nao;Will/held
1542;6165;Nao;am not going to forget
1542;6166;Sim;won't forget
1542;6167;Nao;am not forgetting
1542;6168;Nao;wouldn't forget
1543;6169;Sim;won't be
1543;6170;Nao;wouldn't be
1543;6171;Nao;am not being
1543;6172;Nao;couldn't be
1544;6173;Nao;wouldn't deliver
1544;6174;Nao;would deliver
1544;6175;Sim;will deliver
1544;6176;Nao;won't deliver
1545;6177;Sim;will help
1545;6178;Nao;could help
1545;6179;Nao;have helped
1545;6180;Nao;would help
1546;6181;Nao;didn't fall
1546;6182;Nao;won't fall
1546;6183;Sim;will fall
1546;6184;Nao;wouldn't fall
1547;6185;Nao;wouldn't burn
1547;6186;Nao;would burn
1547;6187;Nao;are not going to burn
1547;6188;Sim;will burn
1548;6189;Nao;are falling
1548;6190;Nao;would fall 
1548;6191;Nao;could fall
1548;6192;Sim;will fall
1549;6193;Nao;could bloom
1549;6194;Nao;won't bloom
1549;6195;Sim;will bloom
1549;6196;Nao;would bloom
1550;6197;Nao;migrating
1550;6198;Nao;wouldn't migrate
1550;6199;Sim;will migrate
1550;6200;Nao;would migrate
1551;6201;Nao;Would/answered
1551;6202;Nao;Are/answering
1551;6203;Sim;Will/answer
1551;6204;Nao;Are/going to answer
1552;6205;Nao;would arrived
1552;6206;Nao;arrive
1552;6207;Sim;will arrive
1552;6208;Nao;would arrive
1553;6209;Nao;would tell
1553;6210;Nao;is telling
1553;6211;Sim;will tell
1553;6212;Nao;going to tell
1554;6213;Nao;will go
1554;6214;Sim;am going
1554;6215;Nao;would go
1554;6216;Nao;go
1555;6217;Nao;would do
1555;6218;Sim;are doing
1555;6219;Nao;is going to do
1555;6220;Nao;does
1556;6221;Nao;visit
1556;6222;Nao;would visit
1556;6223;Sim;are visiting
1556;6224;Nao;is going to visit
1557;6225;Nao;we won't let/We would be
1557;6226;Nao;we are not going to let/We are going to be 
1557;6227;Nao;we won't let/We won't be
1557;6228;Sim;we won't let/We'll be
1558;6229;Nao;meet
1558;6230;Nao;meets
1558;6231;Nao;are going meeting
1558;6232;Sim;are meeting
1559;6233;Nao;meet
1559;6234;Sim;am meeting
1559;6235;Nao;met
1559;6236;Nao;going to meet
1560;6237;Nao;couldn't play
1560;6238;Sim;are playing
1560;6239;Nao;is playing
1560;6240;Nao;play
1561;6241;Nao;Is/go out
1561;6242;Sim;Is/going out
1561;6243;Nao;Will/going out
1561;6244;Nao;Will/gone out
1562;6245;Nao;are getting
1562;6246;Sim;get
1562;6247;Nao;will get
1562;6248;Nao;are going to get
1563;6249;Nao;could check
1563;6250;Nao;would check
1563;6251;Nao;checked
1563;6252;Sim;will check
1564;6253;Sim;won't regret
1564;6254;Nao;don't regret
1564;6255;Nao;Fill in the gap with the correct answer: "I'm sure she ________________ a nice girl. Don't worry."
1564;6256;Nao;wouldn't regret
1565;6257;Nao;has taken
1565;6258;Sim;will take
1565;6259;Nao;doesn't take
1565;6260;Nao;is taking
1566;6261;Sim;will behave
1566;6262;Nao;behaves
1566;6263;Nao;could behave
1566;6264;Nao;won't behave
1567;6265;Nao;doesn't/call
1567;6266;Sim;will/call
1567;6267;Nao;would/call
1567;6268;Nao;didn't/call
1568;6269;Nao;bought
1568;6270;Nao;aren't buying
1568;6271;Sim;are going to buy
1568;6272;Nao;buy
1569;6273;Sim;is going to spend
1569;6274;Nao;spent
1569;6275;Nao;would spend
1569;6276;Nao;spends
1570;6277;Nao;would invite
1570;6278;Nao;inviting
1570;6279;Nao;invites
1570;6280;Sim;is going to invite
1571;6281;Nao;are/get
1571;6282;Nao;did/got
1571;6283;Nao;do/got
1571;6284;Sim;are/going to get
1572;6285;Nao;will wear
1572;6286;Nao;is going to wear
1572;6287;Nao;would wear
1572;6288;Sim;isn't going to wear
1573;6289;Nao;going to
1573;6290;Nao;would 
1573;6291;Nao;will
1573;6292;Sim;are going to
1574;6293;Nao;wouldn't leave
1574;6294;Nao;would leave
1574;6295;Nao;going to leave
1574;6296;Sim;are leaving
1575;6297;Nao;going to fly
1575;6298;Nao;fly
1575;6299;Nao;would fly
1575;6300;Sim;am flying
1576;6301;Nao;would come
1576;6302;Sim;are not coming
1576;6303;Nao;wouldn't come
1576;6304;Nao;come
1577;6305;Nao;did/went
1577;6306;Nao;does/go
1577;6307;Nao;would/going
1577;6308;Sim;is/going
1578;6309;Nao;are going to finish
1578;6310;Nao;are finishing
1578;6311;Nao;will finish
1578;6312;Sim;finish
1579;6313;Nao;won't pass
1579;6314;Nao;could pass
1579;6315;Sim;will pass
1579;6316;Nao;is passing
1580;6317;Nao;going to crash
1580;6318;Nao;won't crash
1580;6319;Sim;will crash
1580;6320;Nao;would crash
1581;6321;Nao;does/will do
1581;6322;Nao;do/do
1581;6323;Nao;would/done
1581;6324;Sim;is/going to do
1582;6325;Nao;would
1582;6326;Nao;going to
1582;6327;Sim;will
1582;6328;Nao;won't
1583;6329;Nao;going to
1583;6330;Sim;will
1583;6331;Nao;would
1583;6332;Nao;were going to 
1584;6333;Sim;will
1584;6334;Nao;was going to
1584;6335;Nao;won't
1584;6336;Nao;going to
1585;6337;Nao;I can
1585;6338;Nao;I going to
1585;6339;Nao;I would 
1585;6340;Sim;I'll
1586;6341;Nao;going to be
1586;6342;Nao;would be
1586;6343;Sim;will be
1586;6344;Nao;wouldn't be
1587;6345;Nao;will
1587;6346;Sim;won't
1587;6347;Nao;am not
1587;6348;Nao;would not
1588;6349;Nao;I would
1588;6350;Nao;Am I going to
1588;6351;Sim;I am going to
1588;6352;Nao;I won't
1589;6353;Nao;he's going to
1589;6354;Nao;he might
1589;6355;Sim;he'll
1589;6356;Nao;he won't
1590;6357;Nao;won't have
1590;6358;Nao;would have
1590;6359;Sim;am going to have
1590;6360;Nao;having
1591;6361;Sim;ll
1591;6362;Nao;won't
1591;6363;Nao;would
1591;6364;Nao;am going to
1592;6365;Nao;arrived
1592;6366;Nao;arriving
1592;6367;Nao;arrives
1592;6368;Sim;arrive
1593;6369;Nao;would arrive
1593;6370;Nao;will arrive
1593;6371;Sim;arrive
1593;6372;Nao;are going to arrive
1594;6373;Sim;am going
1594;6374;Nao;will
1594;6375;Nao;won't
1594;6376;Nao;would
1595;6377;Nao;am going to get
1595;6378;Nao;could get
1595;6379;Nao;will get
1595;6380;Sim;get
1596;6381;Nao;would come
1596;6382;Nao;will come
1596;6383;Nao;are going to come
1596;6384;Sim;come
1597;6385;Nao;will stop
1597;6386;Nao;won't stop
1597;6387;Nao;is going to stop
1597;6388;Sim;stops
1598;6389;Nao;would you do
1598;6390;Nao;you will do
1598;6391;Sim;are you going to
1598;6392;Nao;you are going to
1599;6393;Nao;won't go
1599;6394;Nao;will go
1599;6395;Sim;go
1599;6396;Nao;am going
1600;6397;Nao;would finish
1600;6398;Nao;will finish
1600;6399;Nao;am going to finish
1600;6400;Sim;finish
1601;6401;Nao;when
1601;6402;Nao;which
1601;6403;Sim;where
1601;6404;Nao;whose
1602;6405;Nao;whom
1602;6406;Nao;he
1602;6407;Sim;who
1602;6408;Nao;which
1603;6409;Nao;who
1603;6410;Nao;to which
1603;6411;Sim;that
1603;6412;Nao;whom
1604;6413;Nao;of which
1604;6414;Nao;about
1604;6415;Nao;who
1604;6416;Sim;that
1605;6417;Nao;which
1605;6418;Nao;where
1605;6419;Nao;whose
1605;6420;Sim;who
1606;6421;Nao;which
1606;6422;Nao;whose
1606;6423;Sim;who
1606;6424;Nao;whom
1607;6425;Nao;when
1607;6426;Nao;that
1607;6427;Sim;where
1607;6428;Nao;which
1608;6429;Sim;who
1608;6430;Nao;which
1608;6431;Nao;c
1608;6432;Nao;where
1609;6433;Nao;whose
1609;6434;Nao;which
1609;6435;Sim;who
1609;6436;Nao;where
1610;6437;Sim;that
1610;6438;Nao;where
1610;6439;Nao;who
1610;6440;Nao;whose
1611;6441;Nao;who
1611;6442;Nao;where
1611;6443;Nao;whose
1611;6444;Sim;that
1612;6445;Nao;of which
1612;6446;Nao;to whom
1612;6447;Nao;who
1612;6448;Sim;whose
1613;6449;Nao;who
1613;6450;Sim;that
1613;6451;Nao;where
1613;6452;Nao;whose
1614;6453;Nao;where
1614;6454;Sim;that
1614;6455;Nao;whose
1614;6456;Nao;which
1615;6457;Nao;which
1615;6458;Nao;whose
1615;6459;Sim;where
1615;6460;Nao;who
1616;6461;Nao;whose
1616;6462;Nao;which
1616;6463;Sim;whom
1616;6464;Nao;where
1617;6465;Nao;whose
1617;6466;Nao;where
1617;6467;Sim;that
1617;6468;Nao;which
1618;6469;Sim;that
1618;6470;Nao;whom
1618;6471;Nao;who
1618;6472;Nao;where
1619;6473;Sim;where
1619;6474;Nao;which
1619;6475;Nao;who
1619;6476;Nao;whom
1620;6477;Nao;who
1620;6478;Nao;whom
1620;6479;Nao;whose
1620;6480;Sim;that
1621;6481;Nao;who
1621;6482;Nao;whom
1621;6483;Sim;whose
1621;6484;Nao;that
1622;6485;Nao;where
1622;6486;Nao;who
1622;6487;Nao;that
1622;6488;Sim;whose
1623;6489;Nao;that
1623;6490;Nao;which
1623;6491;Nao;who
1623;6492;Sim;where
1624;6493;Nao;which
1624;6494;Nao;whose
1624;6495;Sim;that
1624;6496;Nao;where
1625;6497;Nao;who
1625;6498;Nao;in which
1625;6499;Nao;whose
1625;6500;Sim;that
1626;6501;Sim;whose
1626;6502;Nao;which
1626;6503;Nao;whom
1626;6504;Nao;who
1627;6505;Nao;which
1627;6506;Nao;whom
1627;6507;Nao;where
1627;6508;Sim;when
1628;6509;Nao;which
1628;6510;Nao;whose
1628;6511;Nao;to whom
1628;6512;Sim;when
1629;6513;Nao;whose
1629;6514;Nao;whom
1629;6515;Nao;which
1629;6516;Sim;who
1630;6517;Nao;who
1630;6518;Nao;those
1630;6519;Nao;when
1630;6520;Sim;that
1631;6521;Sim;who
1631;6522;Nao;of whom
1631;6523;Nao;which
1631;6524;Nao;whose
1632;6525;Nao;who
1632;6526;Sim;whose
1632;6527;Nao;which
1632;6528;Nao;her
1633;6529;Nao;whose
1633;6530;Sim;who
1633;6531;Nao;whom
1633;6532;Nao;which
1634;6533;Nao;to which
1634;6534;Nao;about which
1634;6535;Nao;of which
1634;6536;Sim;which
1635;6537;Nao;whom
1635;6538;Nao;which
1635;6539;Nao;of which
1635;6540;Sim;that
1636;6541;Nao;it
1636;6542;Nao;about which
1636;6543;Nao;who
1636;6544;Sim;that
1637;6545;Nao;which
1637;6546;Nao;whose
1637;6547;Nao;whom
1637;6548;Sim;who
1638;6549;Nao;those
1638;6550;Nao;whose
1638;6551;Sim;that
1638;6552;Nao;which
1639;6553;Nao;whose
1639;6554;Sim;who
1639;6555;Nao;which
1639;6556;Nao;whom
1640;6557;Nao;whom
1640;6558;Nao;which
1640;6559;Sim;whose
1640;6560;Nao;those
1641;6561;Nao;in where
1641;6562;Sim;in which
1641;6563;Nao;which
1641;6564;Nao;that
1642;6565;Nao;when
1642;6566;Sim;where
1642;6567;Nao;which
1642;6568;Nao;those
1643;6569;Sim;on when
1643;6570;Nao;when
1643;6571;Nao;that
1643;6572;Nao;on which
1644;6573;Sim;in which
1644;6574;Nao;that
1644;6575;Nao;in where
1644;6576;Nao;in that
1645;6577;Sim;where
1645;6578;Nao;in where
1645;6579;Nao;when
1645;6580;Nao;which
1646;6581;Sim;where
1646;6582;Nao;which
1646;6583;Nao;in where
1646;6584;Nao;that
1647;6585;Sim;that
1647;6586;Nao;who
1647;6587;Nao;of which
1647;6588;Nao;this
1648;6589;Nao;who
1648;6590;Nao;those
1648;6591;Sim;that
1648;6592;Nao;when
1649;6593;Nao;of which
1649;6594;Sim;that
1649;6595;Nao;who
1649;6596;Nao;what
1650;6597;Nao;those
1650;6598;Sim;who
1650;6599;Nao;which
1650;6600;Nao;whose
1651;6601;Nao;of which
1651;6602;Nao;which
1651;6603;Sim;who
1651;6604;Nao;whose
1652;6605;Nao;where
1652;6606;Nao;whose
1652;6607;Nao;which
1652;6608;Sim;who
1653;6609;Nao;of which
1653;6610;Nao;whose
1653;6611;Sim;that
1653;6612;Nao;who
1654;6613;Sim;where
1654;6614;Nao;when
1654;6615;Nao;which
1654;6616;Nao;who
1655;6617;Nao;of which
1655;6618;Nao;to which
1655;6619;Nao;whose
1655;6620;Sim;who
1656;6621;Sim;whom
1656;6622;Nao;to which
1656;6623;Nao;whose
1656;6624;Nao;which
1657;6625;Nao;where
1657;6626;Nao;which
1657;6627;Sim;that
1657;6628;Nao;whose
1658;6629;Nao;of which
1658;6630;Sim;who
1658;6631;Nao;where
1658;6632;Nao;which
1659;6633;Nao;where
1659;6634;Sim;who
1659;6635;Nao;how
1659;6636;Nao;which
1660;6637;Nao;when
1660;6638;Sim;that
1660;6639;Nao;where
1660;6640;Nao;whose
1661;6641;Nao;which
1661;6642;Nao;when
1661;6643;Sim;where
1661;6644;Nao;who
1662;6645;Nao;whose
1662;6646;Sim;that
1662;6647;Nao;of which
1662;6648;Nao;which
1663;6649;Sim;that
1663;6650;Nao;of which
1663;6651;Nao;where
1663;6652;Nao;to which
1664;6653;Nao;of which
1664;6654;Sim;whose
1664;6655;Nao;whom
1664;6656;Nao;who
1665;6657;Sim;when
1665;6658;Nao;where
1665;6659;Nao;whom
1665;6660;Nao;whose
1666;6661;Nao;where
1666;6662;Nao;whose
1666;6663;Sim;when
1666;6664;Nao;which
1667;6665;Nao;how
1667;6666;Nao;to which
1667;6667;Nao;which
1667;6668;Sim;when
1668;6669;Sim;when
1668;6670;Nao;where
1668;6671;Nao;whose
1668;6672;Nao;which
1669;6673;Nao;of which
1669;6674;Sim;where
1669;6675;Nao;which
1669;6676;Nao;when
1670;6677;Nao;how
1670;6678;Nao;which
1670;6679;Nao;whose
1670;6680;Sim;who
1671;6681;Nao;who
1671;6682;Nao;where
1671;6683;Sim;that
1671;6684;Nao;whose
1672;6685;Nao;whom
1672;6686;Nao;of which
1672;6687;Sim;which
1672;6688;Nao;whose
1673;6689;Sim;that
1673;6690;Nao;who
1673;6691;Nao;to which
1673;6692;Nao;whose
1674;6693;Nao;which
1674;6694;Sim;whose
1674;6695;Nao;when
1674;6696;Nao;whom
1675;6697;Nao;who
1675;6698;Nao;where
1675;6699;Nao;whose
1675;6700;Sim;that
1676;6701;Nao;which
1676;6702;Sim;who
1676;6703;Nao;to which
1676;6704;Nao;whose
1677;6705;Nao;which
1677;6706;Nao;who
1677;6707;Sim;whose
1677;6708;Nao;whom
1678;6709;Nao;where
1678;6710;Sim;when
1678;6711;Nao;which
1678;6712;Nao;whose
1679;6713;Nao;of which
1679;6714;Sim;who
1679;6715;Nao;whose
1679;6716;Nao;which
1680;6717;Nao;whose
1680;6718;Nao;which
1680;6719;Nao;where
1680;6720;Sim;who
1681;6721;Nao;where
1681;6722;Nao;who
1681;6723;Nao;when
1681;6724;Sim;that
1682;6725;Nao;of which
1682;6726;Nao;who
1682;6727;Nao;to which
1682;6728;Sim;that
1683;6729;Sim;which
1683;6730;Nao;who
1683;6731;Nao;where
1683;6732;Nao;when
1684;6733;Nao;whose
1684;6734;Nao;where
1684;6735;Nao;to which
1684;6736;Sim;that
1685;6737;Nao;whose
1685;6738;Nao;which
1685;6739;Sim;when
1685;6740;Nao;where
1686;6741;Nao;where
1686;6742;Nao;whose
1686;6743;Nao;when
1686;6744;Sim;that
1687;6745;Nao;which
1687;6746;Nao;who
1687;6747;Nao;whom
1687;6748;Sim;whose
1688;6749;Nao;whom
1688;6750;Sim;whose
1688;6751;Nao;who
1688;6752;Nao;which
1689;6753;Nao;whose
1689;6754;Sim;where
1689;6755;Nao;which
1689;6756;Nao;whom
1690;6757;Sim;where
1690;6758;Nao;whom
1690;6759;Nao;whose
1690;6760;Nao;which
1691;6761;Sim;where
1691;6762;Nao;which
1691;6763;Nao;when
1691;6764;Nao;of which
1692;6765;Nao;which
1692;6766;Nao;of which
1692;6767;Sim;who
1692;6768;Nao;whose
1693;6769;Nao;which
1693;6770;Sim;when
1693;6771;Nao;where
1693;6772;Nao;who
1694;6773;Sim;when
1694;6774;Nao;where
1694;6775;Nao;to which
1694;6776;Nao;whose
1695;6777;Sim;whose
1695;6778;Nao;that
1695;6779;Nao;whom
1695;6780;Nao;which
1696;6781;Sim;whose
1696;6782;Nao;who
1696;6783;Nao;that
1696;6784;Nao;of which
1697;6785;Nao;when
1697;6786;Sim;which
1697;6787;Nao;where
1697;6788;Nao;who
1698;6789;Nao;to which
1698;6790;Nao;whose
1698;6791;Nao;whom
1698;6792;Sim;which
1699;6793;Nao;when
1699;6794;Nao;whose
1699;6795;Sim;who
1699;6796;Nao;where
1700;6797;Nao;whose
1700;6798;Nao;which
1700;6799;Sim;who
1700;6800;Nao;of which
1701;6801;Nao;or
1701;6802;Sim;but
1701;6803;Nao;so
1701;6804;Nao;as
1702;6805;Nao;as in
1702;6806;Sim;such as
1702;6807;Nao;than
1702;6808;Nao;in addition
1703;6809;Nao;unless
1703;6810;Nao;that
1703;6811;Nao;while
1703;6812;Sim;but
1704;6813;Sim;but
1704;6814;Nao;unless
1704;6815;Nao;therefore
1704;6816;Nao;meanwhile
1705;6817;Nao;moreover
1705;6818;Nao;unless
1705;6819;Nao;suddenly
1705;6820;Sim;because
1706;6821;Sim;Besides
1706;6822;Nao;Such as
1706;6823;Nao;Unless
1706;6824;Nao;Because
1707;6825;Nao;Thus
1707;6826;Nao;While
1707;6827;Sim;Besides
1707;6828;Nao;Such as
1708;6829;Sim;So
1708;6830;Nao;With regard to
1708;6831;Nao;Such as
1708;6832;Nao;As for
1709;6833;Nao;For example
1709;6834;Nao;In addition
1709;6835;Nao;But
1709;6836;Sim;Meanwhile
1710;6837;Nao;but
1710;6838;Nao;however
1710;6839;Sim;to begin with
1710;6840;Nao;furthermore
1711;6841;Nao;With regard to
1711;6842;Sim;However
1711;6843;Nao;Such as
1711;6844;Nao;Unless
1712;6845;Nao;Besides
1712;6846;Nao;Whereas
1712;6847;Sim;In the end
1712;6848;Nao;On the other hand
1713;6849;Nao;whereas
1713;6850;Sim;such as
1713;6851;Nao;but
1713;6852;Nao;finally
1714;6853;Sim;For example
1714;6854;Nao;Consequently
1714;6855;Nao;As a result
1714;6856;Nao;Meanwhile
1715;6857;Nao;Firstly
1715;6858;Nao;With regard to
1715;6859;Sim;For example
1715;6860;Nao;Moreover
1716;6861;Nao;However
1716;6862;Sim;As a result
1716;6863;Nao;On the other hand
1716;6864;Nao;With regard to
1717;6865;Nao;Such as
1717;6866;Nao;Because
1717;6867;Nao;Whereas
1717;6868;Sim;Therefore
1718;6869;Nao;But
1718;6870;Sim;Consequently
1718;6871;Nao;Whereas
1718;6872;Nao;Because
1719;6873;Nao;because
1719;6874;Nao;however
1719;6875;Sim;hence
1719;6876;Nao;to begin with
1720;6877;Nao;because
1720;6878;Nao;however
1720;6879;Sim;hence
1720;6880;Nao;but
1721;6881;Sim;whereas
1721;6882;Nao;for example
1721;6883;Nao;with regard to
1721;6884;Nao;such as
1722;6885;Sim;On the contrary
1722;6886;Nao;With regard to
1722;6887;Nao;Firstly
1722;6888;Nao;For example
1723;6889;Nao;Secondly
1723;6890;Nao;For example
1723;6891;Sim;However
1723;6892;Nao;With reference to
1724;6893;Nao;but
1724;6894;Nao;because
1724;6895;Nao;meanwhile
1724;6896;Sim;yet
1725;6897;Sim;On the other hand
1725;6898;Nao;Because
1725;6899;Nao;With regard to
1725;6900;Nao;In addition
1726;6901;Nao;Secondly
1726;6902;Nao;In addition
1726;6903;Sim;As for
1726;6904;Nao;Moreover
1727;6905;Nao;On the contrary
1727;6906;Sim;With regard to
1727;6907;Nao;Because
1727;6908;Nao;In addition
1728;6909;Sim;As for
1728;6910;Nao;On the other hand
1728;6911;Nao;Moreover
1728;6912;Nao;Such as
1729;6913;Nao;Firstly
1729;6914;Nao;Such as
1729;6915;Nao;Because
1729;6916;Sim;As for
1730;6917;Sim;In short
1730;6918;Nao;With regard to
1730;6919;Nao;But
1730;6920;Nao;As for
1731;6921;Nao;As for
1731;6922;Nao;Because
1731;6923;Nao;With reference to
1731;6924;Sim;On the whole
1732;6925;Sim;To sum up
1732;6926;Nao;With regard to
1732;6927;Nao;As for
1732;6928;Nao;Such as
1733;6929;Nao;Because
1733;6930;Nao;With reference to
1733;6931;Sim;On the whole
1733;6932;Nao;As for
1734;6933;Nao;As for
1734;6934;Nao;With regard to
1734;6935;Nao;Moreover
1734;6936;Sim;On the other hand
1735;6937;Sim;Otherwise
1735;6938;Nao;With reference to
1735;6939;Nao;But
1735;6940;Nao;Such as
1736;6941;Nao;So/in addition
1736;6942;Sim;So/instead
1736;6943;Nao;Yet/instead
1736;6944;Nao;Therefore/hence
1737;6945;Nao;because
1737;6946;Sim;so that
1737;6947;Nao;as long as
1737;6948;Nao;although
1738;6949;Nao;for
1738;6950;Nao;the reason that
1738;6951;Nao;however
1738;6952;Sim;so that
1739;6953;Nao;for
1739;6954;Nao;so that
1739;6955;Sim;so
1739;6956;Nao;although
1740;6957;Nao;therefore
1740;6958;Nao;hence
1740;6959;Sim;but
1740;6960;Nao;so
1741;6961;Nao;so that
1741;6962;Nao;due to 
1741;6963;Nao;otherwise
1741;6964;Sim;because
1742;6965;Nao;because
1742;6966;Nao;for
1742;6967;Nao;in order to
1742;6968;Sim;so that
1743;6969;Nao;in order to
1743;6970;Nao;as for
1743;6971;Nao;such as
1743;6972;Sim;so that
1744;6973;Nao;Hence
1744;6974;Nao;However
1744;6975;Sim;Despite
1744;6976;Nao;Although
1745;6977;Nao;because/Then
1745;6978;Sim;but/So
1745;6979;Nao;since/So
1745;6980;Nao;therefore/Then
1746;6981;Nao;while
1746;6982;Nao;because
1746;6983;Nao;as for
1746;6984;Sim;so
1747;6985;Nao;Because
1747;6986;Sim;Consequently
1747;6987;Nao;But
1747;6988;Nao;While
1748;6989;Nao;While
1748;6990;Sim;As a result
1748;6991;Nao;Although
1748;6992;Nao;Whereas
1749;6993;Sim;therefore
1749;6994;Nao;but
1749;6995;Nao;though
1749;6996;Nao;whereas
1750;6997;Nao;though
1750;6998;Nao;whereas
1750;6999;Sim;so
1750;7000;Nao;that
1751;7001;Nao;whereas
1751;7002;Sim;so
1751;7003;Nao;although
1751;7004;Nao;otherwise
1752;7005;Nao;But
1752;7006;Sim;Since
1752;7007;Nao;Otherwise
1752;7008;Nao;Whereas
1753;7009;Sim;because
1753;7010;Nao;although
1753;7011;Nao;as
1753;7012;Nao;since
1754;7013;Nao;otherwise
1754;7014;Sim;as
1754;7015;Nao;whereas
1754;7016;Nao;although
1755;7017;Nao;because
1755;7018;Nao;while
1755;7019;Nao;hence
1755;7020;Sim;due to
1756;7021;Nao;although
1756;7022;Sim;because
1756;7023;Nao;due to 
1756;7024;Nao;hence
1757;7025;Nao;But
1757;7026;Nao;Otherwise
1757;7027;Nao;Meanwhile
1757;7028;Sim;Although
1758;7029;Nao;But
1758;7030;Nao;Otherwise
1758;7031;Sim;Even though
1758;7032;Nao;Meanwhile
1759;7033;Nao;otherwise
1759;7034;Nao;in order to
1759;7035;Nao;as for
1759;7036;Sim;but
1760;7037;Nao;While
1760;7038;Nao;Although
1760;7039;Sim;Despite
1760;7040;Nao;Otherwise
1761;7041;Nao;Because
1761;7042;Sim;In spite of
1761;7043;Nao;Therefore
1761;7044;Nao;Hence
1762;7045;Nao;Due to
1762;7046;Sim;However
1762;7047;Nao;In spite of
1762;7048;Nao;Despite
1763;7049;Nao;in order to
1763;7050;Sim;nevertheless
1763;7051;Nao;due to
1763;7052;Nao;in spite of
1764;7053;Nao;In spite of
1764;7054;Sim;On the other hand
1764;7055;Nao;As
1764;7056;Nao;Because
1765;7057;Nao;because
1765;7058;Sim;while
1765;7059;Nao;whereas
1765;7060;Nao;despite
1766;7061;Sim;as soon as
1766;7062;Nao;whereas
1766;7063;Nao;despite
1766;7064;Nao;in spite of
1767;7065;Nao;because
1767;7066;Nao;in spite of
1767;7067;Nao;as soon as
1767;7068;Sim;by the time
1768;7069;Nao;Therefore
1768;7070;Nao;Hence
1768;7071;Nao;Although
1768;7072;Sim;Besides
1769;7073;Nao;otherwise
1769;7074;Sim;in addition to
1769;7075;Nao;hence
1769;7076;Nao;therefore
1770;7077;Nao;although
1770;7078;Sim;and
1770;7079;Nao;hence
1770;7080;Nao;otherwise
1771;7081;Nao;meanwhile
1771;7082;Sim;in order to
1771;7083;Nao;because
1771;7084;Nao;whereas
1772;7085;Sim;In order not to
1772;7086;Nao;In spite of
1772;7087;Nao;Although
1772;7088;Nao;Because
1773;7089;Nao;Even though
1773;7090;Nao;Although
1773;7091;Sim;Despite
1773;7092;Nao;Meanwhile
1774;7093;Nao;Because
1774;7094;Sim;Even though
1774;7095;Nao;In spite of
1774;7096;Nao;But
1775;7097;Sim;because
1775;7098;Nao;meanwhile
1775;7099;Nao;although
1775;7100;Nao;even though
1776;7101;Nao;but
1776;7102;Nao;hence
1776;7103;Nao;because
1776;7104;Sim;while
1777;7105;Sim;Furthermore
1777;7106;Nao;In spite of
1777;7107;Nao;Meanwhile
1777;7108;Nao;Despite
1778;7109;Nao;Hence
1778;7110;Sim;Even though
1778;7111;Nao;Meanwhile
1778;7112;Nao;But
1779;7113;Sim;Therefore
1779;7114;Nao;Despite
1779;7115;Nao;While
1779;7116;Nao;But
1780;7117;Nao;hence
1780;7118;Sim;even though
1780;7119;Nao;because
1780;7120;Nao;in spite of
1781;7121;Nao;As for
1781;7122;Nao;Despite
1781;7123;Nao;Therefore
1781;7124;Sim;Otherwise
1782;7125;Nao;Because
1782;7126;Sim;As for
1782;7127;Nao;Despite
1782;7128;Nao;Therefore
1783;7129;Nao;Therefore
1783;7130;Nao;On the other hand
1783;7131;Sim;As for
1783;7132;Nao;Because
1784;7133;Nao;whereas
1784;7134;Nao;in spite of
1784;7135;Sim;as
1784;7136;Nao;however
1785;7137;Sim;Since
1785;7138;Nao;As for
1785;7139;Nao;However
1785;7140;Nao;Therefore
1786;7141;Sim;because
1786;7142;Nao;however
1786;7143;Nao;in spite of
1786;7144;Nao;as for
1787;7145;Nao;moreover
1787;7146;Nao;whereas
1787;7147;Nao;due to
1787;7148;Sim;so
1788;7149;Nao;In spite of
1788;7150;Nao;Despite
1788;7151;Sim;Consequently
1788;7152;Nao;As for
1789;7153;Nao;However
1789;7154;Nao;Because
1789;7155;Nao;As for
1789;7156;Sim;Therefore
1790;7157;Nao;in spite of
1790;7158;Nao;consequently
1790;7159;Nao;as for
1790;7160;Sim;since
1791;7161;Nao;whereas
1791;7162;Sim;because
1791;7163;Nao;otherwise
1791;7164;Nao;in spite of
1792;7165;Nao;on the other hand
1792;7166;Sim;due to
1792;7167;Nao;however
1792;7168;Nao;as for
1793;7169;Sim;and
1793;7170;Nao;because
1793;7171;Nao;due to 
1793;7172;Nao;as
1794;7173;Sim;but
1794;7174;Nao;otherwise
1794;7175;Nao;as for
1794;7176;Nao;is spite of
1795;7177;Nao;As for
1795;7178;Nao;In spite of
1795;7179;Sim;Although
1795;7180;Nao;As
1796;7181;Nao;On the other hand
1796;7182;Nao;Otherwise
1796;7183;Sim;Even though
1796;7184;Nao;Despite
1797;7185;Nao;Despite
1797;7186;Nao;Because
1797;7187;Sim;However
1797;7188;Nao;Otherwise
1798;7189;Sim;or else
1798;7190;Nao;in spite of
1798;7191;Nao;on the other hand
1798;7192;Nao;as for
1799;7193;Nao;On the other hand
1799;7194;Nao;Hence
1799;7195;Sim;Unless
1799;7196;Nao;Therefore
1800;7197;Sim;whether or not
1800;7198;Nao;as for
1800;7199;Nao;hence
1800;7200;Nao;despite
1801;7201;Sim;mustn't
1801;7202;Nao;have to
1801;7203;Nao;should
1801;7204;Nao;don't have to
1802;7205;Nao;may
1802;7206;Nao;should
1802;7207;Sim;have to
1802;7208;Nao;can
1803;7209;Nao;may
1803;7210;Nao;have to
1803;7211;Nao;can
1803;7212;Sim;should
1804;7213;Nao;would
1804;7214;Nao;shouldn't
1804;7215;Sim;should
1804;7216;Nao;might
1805;7217;Nao;should
1805;7218;Nao;can't
1805;7219;Nao;can
1805;7220;Sim;couldn't
1806;7221;Nao;would
1806;7222;Nao;couldn't
1806;7223;Sim;mustn't
1806;7224;Nao;might
1807;7225;Nao;can
1807;7226;Nao;can't
1807;7227;Sim;could
1807;7228;Nao;shouldn't
1808;7229;Sim;should
1808;7230;Nao;would
1808;7231;Nao;ought
1808;7232;Nao;might not
1809;7233;Sim;have to
1809;7234;Nao;may
1809;7235;Nao;might not
1809;7236;Nao;ought to
1810;7237;Nao;ought to
1810;7238;Nao;may
1810;7239;Sim;have to
1810;7240;Nao;can
1811;7241;Sim;may
1811;7242;Nao;ought
1811;7243;Nao;can
1811;7244;Nao;must
1812;7245;Nao;shouldn't
1812;7246;Nao;has to
1812;7247;Sim;can
1812;7248;Nao;must
1813;7249;Nao;may
1813;7250;Nao;might not
1813;7251;Sim;should
1813;7252;Nao;can't
1814;7253;Nao;shouldn't
1814;7254;Nao;can
1814;7255;Nao;may not
1814;7256;Sim;mustn't
1815;7257;Sim;can't
1815;7258;Nao;can
1815;7259;Nao;might
1815;7260;Nao;ought
1816;7261;Nao;Have to
1816;7262;Sim;Could
1816;7263;Nao;Must
1816;7264;Nao;Should
1817;7265;Nao;might not
1817;7266;Nao;ought
1817;7267;Sim;should
1817;7268;Nao;can't
1818;7269;Sim;couldn't
1818;7270;Nao;can't
1818;7271;Nao;can
1818;7272;Nao;may
1819;7273;Nao;wouldn't
1819;7274;Nao;shouldn't
1819;7275;Sim;should
1819;7276;Nao;couldn't
1820;7277;Nao;ought
1820;7278;Nao;can
1820;7279;Sim;had to
1820;7280;Nao;wouldn't
1821;7281;Nao;Wouldn't
1821;7282;Sim;Should
1821;7283;Nao;Ought to
1821;7284;Nao;Would
1822;7285;Sim;can't
1822;7286;Nao;didn't have to
1822;7287;Nao;had to
1822;7288;Nao;couldn't
1823;7289;Nao;would
1823;7290;Sim;have to
1823;7291;Nao;didn't have to
1823;7292;Nao;can't
1824;7293;Nao;mustn't
1824;7294;Nao;can't
1824;7295;Sim;doesn't have to
1824;7296;Nao;ought to
1825;7297;Nao;have to
1825;7298;Nao;must
1825;7299;Nao;can
1825;7300;Sim;don't have to
1826;7301;Nao;can
1826;7302;Sim;would
1826;7303;Nao;should
1826;7304;Nao;might
1827;7305;Nao;Should 
1827;7306;Nao;Must
1827;7307;Nao;I have to
1827;7308;Sim;Can
1828;7309;Sim;can't
1828;7310;Nao;shouldn't
1828;7311;Nao;have to
1828;7312;Nao;mustn't
1829;7313;Nao;may
1829;7314;Nao;might
1829;7315;Sim;should
1829;7316;Nao;can't
1830;7317;Nao;should
1830;7318;Nao;can
1830;7319;Nao;mustn't
1830;7320;Sim;can't
1831;7321;Nao;can
1831;7322;Sim;could
1831;7323;Nao;ought to
1831;7324;Nao;should
1832;7325;Nao;should
1832;7326;Nao;has to
1832;7327;Sim;may
1832;7328;Nao;can
1833;7329;Sim;Can
1833;7330;Nao;Must
1833;7331;Nao;Should
1833;7332;Nao;Might
1834;7333;Sim;may
1834;7334;Nao;have to
1834;7335;Nao;can't
1834;7336;Nao;can
1835;7337;Nao;could
1835;7338;Sim;must
1835;7339;Nao;should
1835;7340;Nao;would 
1836;7341;Nao;may
1836;7342;Nao;could
1836;7343;Nao;should
1836;7344;Sim;must
1837;7345;Sim;should
1837;7346;Nao;might
1837;7347;Nao;can't
1837;7348;Nao;couldn't
1838;7349;Nao;must
1838;7350;Sim;could
1838;7351;Nao;should
1838;7352;Nao;ought to
1839;7353;Nao;will
1839;7354;Nao;can
1839;7355;Nao;could
1839;7356;Sim;may
1840;7357;Nao;can
1840;7358;Nao;must
1840;7359;Nao;must
1840;7360;Sim;should
1841;7361;Sim;should
1841;7362;Nao;mustn't
1841;7363;Nao;may
1841;7364;Nao;have to
1842;7365;Nao;should
1842;7366;Nao;ought to
1842;7367;Sim;could
1842;7368;Nao;must
1843;7369;Nao;Must
1843;7370;Nao;Could
1843;7371;Sim;Would
1843;7372;Nao;Will
1844;7373;Nao;must
1844;7374;Nao;may
1844;7375;Nao;can
1844;7376;Sim;could
1845;7377;Nao;can
1845;7378;Sim;must
1845;7379;Nao;may
1845;7380;Nao;could
1846;7381;Nao;mustn't
1846;7382;Nao;can
1846;7383;Sim;must
1846;7384;Nao;ought to
1847;7385;Sim;should have
1847;7386;Nao;should
1847;7387;Nao;would have to
1847;7388;Nao;ought to
1848;7389;Nao;might
1848;7390;Nao;couldn't
1848;7391;Nao;can
1848;7392;Sim;had to
1849;7393;Nao;may
1849;7394;Nao;will
1849;7395;Sim;could
1849;7396;Nao;might
1850;7397;Sim;might have
1850;7398;Nao;might not
1850;7399;Nao;would have
1850;7400;Nao;couldn't
1851;7401;Sim;would have
1851;7402;Nao;shouldn't
1851;7403;Nao;would have to
1851;7404;Nao;will have
1852;7405;Sim;should have
1852;7406;Nao;had to
1852;7407;Nao;ought to
1852;7408;Nao;might not
1853;7409;Sim;will have to
1853;7410;Nao;might not
1853;7411;Nao;shouldn't
1853;7412;Nao;couldn't
1854;7413;Sim;can't
1854;7414;Nao;may
1854;7415;Nao;might
1854;7416;Nao;mustn't
1855;7417;Nao;had to
1855;7418;Nao;will have to
1855;7419;Nao;wouldn't
1855;7420;Sim;might not
1856;7421;Nao;Must
1856;7422;Sim;Would 
1856;7423;Nao;Might
1856;7424;Nao;Can
1857;7425;Nao;had to
1857;7426;Nao;could
1857;7427;Sim;must
1857;7428;Nao;can't
1858;7429;Sim;couldnt
1858;7430;Nao;should
1858;7431;Nao;can't
1858;7432;Nao;shouldn't
1859;7433;Nao;shouldn't
1859;7434;Nao;can't
1859;7435;Sim;should
1859;7436;Nao;can
1860;7437;Nao;Must
1860;7438;Nao;Could
1860;7439;Sim;Would
1860;7440;Nao;Can
1861;7441;Nao;can't
1861;7442;Sim;should
1861;7443;Nao;can
1861;7444;Nao;mustn't
1862;7445;Nao;has to
1862;7446;Sim;must
1862;7447;Nao;should 
1862;7448;Nao;can
1863;7449;Nao;did have
1863;7450;Nao;can't have
1863;7451;Nao;can have
1863;7452;Sim;must have
1864;7453;Nao;don't have to
1864;7454;Nao;mustn't
1864;7455;Sim;should
1864;7456;Nao;have to
1865;7457;Sim;mustn't
1865;7458;Nao;shouldn't
1865;7459;Nao;don't have to
1865;7460;Nao;might not
1866;7461;Sim;must
1866;7462;Nao;might
1866;7463;Nao;couldn't
1866;7464;Nao;may
1867;7465;Sim;mustn't
1867;7466;Nao;must
1867;7467;Nao;can
1867;7468;Nao;may
1868;7469;Nao;have to
1868;7470;Nao;can
1868;7471;Nao;can't
1868;7472;Sim;don't have to
1869;7473;Nao;would
1869;7474;Nao;have to
1869;7475;Nao;don't have to
1869;7476;Sim;may
1870;7477;Nao;can
1870;7478;Nao;can't
1870;7479;Sim;may
1870;7480;Nao;mustn't
1871;7481;Nao;Might
1871;7482;Nao;Must
1871;7483;Sim;Can
1871;7484;Nao;Shouldn't
1872;7485;Nao;should
1872;7486;Nao;must
1872;7487;Nao;shouldn't
1872;7488;Sim;mustn't
1873;7489;Sim;must
1873;7490;Nao;can
1873;7491;Nao;shouldn't
1873;7492;Nao;might
1874;7493;Nao;can
1874;7494;Sim;may
1874;7495;Nao;has to be
1874;7496;Nao;can't
1875;7497;Nao;Could/can't
1875;7498;Nao;Can/couldn't
1875;7499;Nao;Should/can't
1875;7500;Sim;Could/couldn't
1876;7501;Nao;must
1876;7502;Nao;can't
1876;7503;Sim;couldn't
1876;7504;Nao;can
1877;7505;Nao;can
1877;7506;Nao;don't have to
1877;7507;Nao;shouldn't
1877;7508;Sim;mustn't
1878;7509;Nao;may
1878;7510;Sim;must
1878;7511;Nao;may not
1878;7512;Nao;can
1879;7513;Sim;have to
1879;7514;Nao;might
1879;7515;Nao;mustn't
1879;7516;Nao;may
1880;7517;Sim;should
1880;7518;Nao;might
1880;7519;Nao;can
1880;7520;Nao;may
1881;7521;Nao;should
1881;7522;Sim;may
1881;7523;Nao;must
1881;7524;Nao;have to
1882;7525;Nao;have to
1882;7526;Sim;don't have to
1882;7527;Nao;mustn't
1882;7528;Nao;can't
1883;7529;Nao;must
1883;7530;Sim;don't have to
1883;7531;Nao;can't
1883;7532;Nao;mustn't
1884;7533;Nao;mustn't
1884;7534;Nao;may not
1884;7535;Nao;can't
1884;7536;Sim;should
1885;7537;Sim;shouldn't
1885;7538;Nao;may
1885;7539;Nao;should
1885;7540;Nao;can
1886;7541;Sim;couldn't
1886;7542;Nao;might
1886;7543;Nao;can
1886;7544;Nao;shouldn't
1887;7545;Nao;Can
1887;7546;Sim;Could
1887;7547;Nao;Might
1887;7548;Nao;May
1888;7549;Sim;can't
1888;7550;Nao;would
1888;7551;Nao;may
1888;7552;Nao;should
1889;7553;Sim;must
1889;7554;Nao;can
1889;7555;Nao;should
1889;7556;Nao;could
1890;7557;Nao;ought
1890;7558;Nao;could 
1890;7559;Sim;must
1890;7560;Nao;can
1891;7561;Nao;can't
1891;7562;Nao;could
1891;7563;Nao;should
1891;7564;Sim;must
1892;7565;Nao;may
1892;7566;Sim;have to
1892;7567;Nao;can
1892;7568;Nao;could
1893;7569;Sim;might
1893;7570;Nao;could 
1893;7571;Nao;can
1893;7572;Nao;may
1894;7573;Nao;can't
1894;7574;Sim;couldn't
1894;7575;Nao;may
1894;7576;Nao;must
1895;7577;Nao;should
1895;7578;Nao;can
1895;7579;Nao;ought to
1895;7580;Sim;must
1896;7581;Nao;can
1896;7582;Sim;should
1896;7583;Nao;may
1896;7584;Nao;might
1897;7585;Nao;Might
1897;7586;Nao;Could
1897;7587;Nao;I have to
1897;7588;Sim;Should
1898;7589;Nao;can
1898;7590;Nao;shouldn't
1898;7591;Nao;can't
1898;7592;Sim;will have to
1899;7593;Sim;must/can't
1899;7594;Nao;have to/don't
1899;7595;Nao;must/can
1899;7596;Nao;have to/couldn't
1900;7597;Nao;could
1900;7598;Nao;can't
1900;7599;Sim;don't have to
1900;7600;Nao;ought to
1901;7601;Nao;relaxed
1901;7602;Nao;peaceful
1901;7603;Sim;nice
1901;7604;Nao;laid-back
1902;7605;Sim;nice
1902;7606;Nao;sentimental
1902;7607;Nao;passionate
1902;7608;Nao;emotional
1903;7609;Nao;worse
1903;7610;Nao;more expensive
1903;7611;Nao;better
1903;7612;Sim;bigger
1904;7613;Nao;biggest
1904;7614;Sim;better
1904;7615;Nao;most expensive
1904;7616;Nao;cheapest
1905;7617;Sim;stranger
1905;7618;Nao;cheapest
1905;7619;Nao;best
1905;7620;Nao;most delicious 
1906;7621;Nao;prettier
1906;7622;Nao;more common
1906;7623;Sim;most popular
1906;7624;Nao;more beautiful
1907;7625;Nao;most efficient
1907;7626;Sim;faster
1907;7627;Nao;best
1907;7628;Nao;simplest
1908;7629;Nao;energetic
1908;7630;Nao;athletic
1908;7631;Nao;active
1908;7632;Sim;talkative
1909;7633;Nao;further
1909;7634;Nao;more dangerous
1909;7635;Nao;bigger
1909;7636;Sim;coldest
1910;7637;Nao;most introverted
1910;7638;Nao;most energetic
1910;7639;Nao;most sensible
1910;7640;Sim;funniest
1911;7641;Nao;quieter
1911;7642;Nao;most optimistic
1911;7643;Sim;shyest
1911;7644;Nao;most clumsy
1912;7645;Sim;more difficult
1912;7646;Nao;most difficult 
1912;7647;Nao;more easy
1912;7648;Nao;easiest
1913;7649;Nao;better
1913;7650;Nao;more exciting
1913;7651;Sim;shortest
1913;7652;Nao;longest
1914;7653;Nao;bigger
1914;7654;Sim;best
1914;7655;Nao;most cheap
1914;7656;Nao;more delicious
1915;7657;Nao;faster
1915;7658;Sim;fastest
1915;7659;Nao;most faster
1915;7660;Nao;more fast
1916;7661;Nao;worse
1916;7662;Nao;best
1916;7663;Sim;healthier 
1916;7664;Nao;health
1917;7665;Nao;nearer
1917;7666;Nao;less farther
1917;7667;Nao;near
1917;7668;Sim;nearest
1918;7669;Nao;pretty/lively
1918;7670;Sim;exciting/fascinating
1918;7671;Nao;cheap/interesting
1918;7672;Nao;small/peaceful
1919;7673;Nao;wider
1919;7674;Nao;more beautiful
1919;7675;Nao;bigger
1919;7676;Sim;tallest
1920;7677;Nao;better
1920;7678;Nao;more expensive
1920;7679;Sim;healthiest
1920;7680;Nao;worse
1921;7681;Nao;more dangerous/least visible
1921;7682;Nao;less dangerous/less visible
1921;7683;Sim;more dangerous/less visible
1921;7684;Nao;most dangerous/least visible
1922;7685;Nao;best
1922;7686;Nao;most special
1922;7687;Nao;good
1922;7688;Sim;more important
1923;7689;Nao;good
1923;7690;Sim;better
1923;7691;Nao;more better
1923;7692;Nao;best
1924;7693;Sim;higher
1924;7694;Nao;worst
1924;7695;Nao;more
1924;7696;Nao;bad
1925;7697;Nao;least stressful
1925;7698;Sim;less stressful 
1925;7699;Nao;most stressful
1925;7700;Nao;more stressful
1926;7701;Nao;very skilled
1926;7702;Sim;most skilled
1926;7703;Nao;skilled
1926;7704;Nao;more skilled
1927;7705;Nao;taller
1927;7706;Nao;smartest
1927;7707;Nao;love
1927;7708;Sim;lovable
1928;7709;Sim;peaceful
1928;7710;Nao;happier
1928;7711;Nao;richest
1928;7712;Nao;small
1929;7713;Sim;scariest
1929;7714;Nao;darker
1929;7715;Nao;scarier
1929;7716;Nao;longer
1930;7717;Nao;friendlier
1930;7718;Nao;friend
1930;7719;Nao;happiest
1930;7720;Sim;sociable
1931;7721;Nao;careful
1931;7722;Sim;clumsiest
1931;7723;Nao;clumsier
1931;7724;Nao;most careful
1932;7725;Nao;nicest
1932;7726;Nao;nicer
1932;7727;Sim;unpleasant
1932;7728;Nao;pleasure
1933;7729;Sim;frightening
1933;7730;Nao;frighten
1933;7731;Nao;scariest
1933;7732;Nao;nicest
1934;7733;Sim;smartest
1934;7734;Nao;more smart
1934;7735;Nao;smarter
1934;7736;Nao;most smart
1935;7737;Nao;more bald
1935;7738;Nao;most beautiful
1935;7739;Sim;balder
1935;7740;Nao;baldest
1936;7741;Sim;fairer
1936;7742;Nao;most fair
1936;7743;Nao;more fair
1936;7744;Nao;fairest
1937;7745;Nao;most thick
1937;7746;Nao;more thick
1937;7747;Nao;longest
1937;7748;Sim;longer
1938;7749;Nao;more long
1938;7750;Nao;longest
1938;7751;Sim;curlier
1938;7752;Nao;curliest
1939;7753;Nao;most skinny
1939;7754;Nao;skinniest
1939;7755;Sim;skinnier
1939;7756;Nao;fattest
1940;7757;Nao;darkest/waviest
1940;7758;Sim;darker/wavier
1940;7759;Nao;darker/most wavy
1940;7760;Nao;more dark/wavier
1941;7761;Nao;dullest
1941;7762;Sim;funnier
1941;7763;Nao;funniest
1941;7764;Nao;boring
1942;7765;Nao;most strong
1942;7766;Nao;worse
1942;7767;Sim;worst
1942;7768;Nao;stronger
1943;7769;Nao;friendly
1943;7770;Sim;friendlier
1943;7771;Nao;friends
1943;7772;Nao;friendliest
1944;7773;Nao;stronger
1944;7774;Sim;handsome
1944;7775;Nao;pretty
1944;7776;Nao;prettier
1945;7777;Nao;more shy
1945;7778;Nao;shier
1945;7779;Sim;shiest
1945;7780;Nao;most shy
1946;7781;Nao;most boring
1946;7782;Nao;more boring
1946;7783;Sim;most easy-going
1946;7784;Nao;more easy-going
1947;7785;Sim;independent
1947;7786;Nao;nice
1947;7787;Nao;happier
1947;7788;Nao;happiest
1948;7789;Sim;kindest
1948;7790;Nao;most kind
1948;7791;Nao;more kind
1948;7792;Nao;kinder
1949;7793;Nao;most lazy
1949;7794;Nao;more lazy
1949;7795;Sim;laziest
1949;7796;Nao;lazier
1950;7797;Nao;costlier
1950;7798;Nao;cheapest
1950;7799;Nao;cheap
1950;7800;Sim;reliable
1951;7801;Nao;good
1951;7802;Sim;helpful
1951;7803;Nao;nicest
1951;7804;Nao;help
1952;7805;Nao;nicest
1952;7806;Nao;nice
1952;7807;Nao;happier
1952;7808;Sim;outgoing
1953;7809;Nao;most tidy
1953;7810;Sim;tidiest
1953;7811;Nao;tidier
1953;7812;Nao;more tidy
1954;7813;Nao;nicer
1954;7814;Sim;reliable
1954;7815;Nao;good
1954;7816;Nao;kindest
1955;7817;Nao;lazy
1955;7818;Nao;nicest
1955;7819;Sim;hard-working
1955;7820;Nao;good
1956;7821;Sim;communicative
1956;7822;Nao;nicest
1956;7823;Nao;talk
1956;7824;Nao;friendliest
1957;7825;Sim;cheapest
1957;7826;Nao;better
1957;7827;Nao;more attractive
1957;7828;Nao;worst
1958;7829;Sim;better
1958;7830;Nao;good
1958;7831;Nao;best
1958;7832;Nao;worst
1959;7833;Nao;more responsible
1959;7834;Sim;most dedicated
1959;7835;Nao;nicer
1959;7836;Nao;better
1960;7837;Nao;funnier
1960;7838;Nao;younger
1960;7839;Sim;tallest
1960;7840;Nao;nicer
1961;7841;Sim;most exciting
1961;7842;Nao;most nice
1961;7843;Nao;better
1961;7844;Nao;more mysterious
1962;7845;Nao;youngest 
1962;7846;Nao;newer
1962;7847;Sim;older
1962;7848;Nao;less
1963;7849;Nao;worse
1963;7850;Nao;best
1963;7851;Sim;bigger
1963;7852;Nao;most spacious
1964;7853;Nao;precious
1964;7854;Nao;expensive
1964;7855;Nao;valuable
1964;7856;Sim;hard
1965;7857;Nao;best
1965;7858;Sim;nicer
1965;7859;Nao;smartest
1965;7860;Nao;most modern 
1966;7861;Sim;dangerous
1966;7862;Nao;fast
1966;7863;Nao;smarter
1966;7864;Nao;largest
1967;7865;Nao;longer
1967;7866;Nao;worse
1967;7867;Nao;more exciting
1967;7868;Sim;saddest
1968;7869;Nao;better
1968;7870;Nao;more intelligent
1968;7871;Nao;worse
1968;7872;Sim;funniest
1969;7873;Nao;hottest
1969;7874;Nao;best
1969;7875;Nao;most dangerous
1969;7876;Sim;more organized
1970;7877;Nao;outgoing
1970;7878;Sim;demanding
1970;7879;Nao;easy
1970;7880;Nao;friendly
1971;7881;Sim;most enjoyable
1971;7882;Nao;more enjoyable
1971;7883;Nao;better
1971;7884;Nao;more delicious
1972;7885;Nao;brighter
1972;7886;Nao;most bright
1972;7887;Sim;brightest
1972;7888;Nao;more bright
1973;7889;Nao;older
1973;7890;Sim;wealthiest
1973;7891;Nao;prettiest
1973;7892;Nao;youngest 
1974;7893;Sim;noisier
1974;7894;Nao;more noisy
1974;7895;Nao;the most noisy
1974;7896;Nao;noisiest
1975;7897;Nao;saddest
1975;7898;Nao;worst
1975;7899;Nao;fast
1975;7900;Sim;stunning
1976;7901;Sim;healthier 
1976;7902;Nao;farthest
1976;7903;Nao;depressive
1976;7904;Nao;elderly
1977;7905;Nao;most noisy
1977;7906;Sim;more delicious
1977;7907;Nao;noisiest
1977;7908;Nao;most delicious
1978;7909;Nao;abusive
1978;7910;Sim;amazing
1978;7911;Nao;abominable
1978;7912;Nao;absent
1979;7913;Nao;fortunate
1979;7914;Nao;less fortunate
1979;7915;Sim;more fortunate
1979;7916;Nao;most fortunate
1980;7917;Sim;taller
1980;7918;Nao;most skinny
1980;7919;Nao;skinnier
1980;7920;Nao;fatter
1981;7921;Nao;more sociable
1981;7922;Nao;less sociable
1981;7923;Sim;most sociable
1981;7924;Nao;sociable
1982;7925;Sim;clever
1982;7926;Nao;limited
1982;7927;Nao;dumb
1982;7928;Nao;average
1983;7929;Nao;quiet
1983;7930;Nao;shy
1983;7931;Sim;talkative
1983;7932;Nao;extrovert
1984;7933;Nao;clever
1984;7934;Nao;meticulous
1984;7935;Nao;smart 
1984;7936;Sim;absent-minded
1985;7937;Sim;selfish
1985;7938;Nao;benevolent
1985;7939;Nao;contributing
1985;7940;Nao;philanthropic
1986;7941;Nao;alert
1986;7942;Nao;watchful
1986;7943;Sim;irresponsible
1986;7944;Nao;meticulous
1987;7945;Nao;most good
1987;7946;Sim;better
1987;7947;Nao;best
1987;7948;Nao;more good
1988;7949;Nao;most dirty
1988;7950;Nao;more dirty
1988;7951;Nao;dirtier
1988;7952;Sim;dirtiest
1989;7953;Nao;prettiest
1989;7954;Sim;thinner
1989;7955;Nao;dumber
1989;7956;Nao;tallest
1990;7957;Nao;tallest
1990;7958;Nao;worse
1990;7959;Sim;more confident
1990;7960;Nao;more worst
1991;7961;Nao;politer
1991;7962;Sim;most charming
1991;7963;Nao;more beautiful
1991;7964;Nao;more benevolent
1992;7965;Nao;soonest
1992;7966;Sim;sooner
1992;7967;Nao;most soon
1992;7968;Nao;more soon
1993;7969;Nao;most cheaper
1993;7970;Nao;more expensive
1993;7971;Sim;most expensive
1993;7972;Nao;cheaper
1994;7973;Sim;busiest
1994;7974;Nao;dumber
1994;7975;Nao;busier
1994;7976;Nao;dumbest
1995;7977;Nao;best
1995;7978;Sim;better
1995;7979;Nao;good
1995;7980;Nao;well
1996;7981;Sim;better
1996;7982;Nao;ongoing
1996;7983;Nao;skinniest
1996;7984;Nao;more overdressed
1997;7985;Sim;more objective
1997;7986;Nao;most dedicated
1997;7987;Nao;more confused
1997;7988;Nao;lazier
1998;7989;Nao;organized
1998;7990;Nao;most careful
1998;7991;Nao;most attentive
1998;7992;Sim;more romantic
1999;7993;Nao;more rich
1999;7994;Sim;richer
1999;7995;Nao;most poor
1999;7996;Nao;more poor
2000;7997;Sim;most poisonous
2000;7998;Nao;more dangerous
2000;7999;Nao;brighter
2000;8000;Nao;older